Temperature,Humidity,WindSpeed,Pressure,Rainfall
34.23,91.96,26.03,1007.09,127.8
30.86,52.89,14.28,1001.85,67.69
36.45,73.24,19.38,1007.68,87.6
24.23,69.73,15.75,998.94,88.31
39.24,92.98,16.3,1017.46,114.73
26.67,51.22,6.37,1011.02,68.18
29.72,54.67,7.5,1010.05,52.51
21.29,56.87,7.16,995.45,78.06
22.25,93.38,7.59,1009.0,118.95
28.91,53.92,25.48,999.44,66.82
39.15,73.59,16.21,1009.58,86.22
27.99,63.28,25.88,1013.85,88.89
33.62,58.31,26.07,995.28,64.57
24.32,80.21,8.82,1018.76,113.73
27.77,59.46,18.07,1017.38,71.88
27.61,69.95,25.05,1011.68,86.74
20.87,91.85,25.9,1017.41,126.26
36.09,72.44,17.97,1019.1,97.48
20.91,51.45,25.48,1003.63,76.27
29.7,70.76,15.28,1013.33,99.03
24.04,61.28,28.06,1013.78,94.15
34.57,62.26,22.26,1009.88,79.77
35.84,83.47,21.22,1018.33,102.52
35.22,54.85,21.7,1019.89,60.77
25.94,93.12,23.97,996.02,123.96
32.07,84.53,17.04,996.59,105.31
34.15,85.0,16.58,1009.45,109.42
21.37,94.78,23.36,1004.69,145.8
38.48,71.86,5.7,1004.18,73.34
25.79,52.86,22.03,1009.33,78.41
34.16,80.16,6.03,1015.88,105.65
34.24,73.92,18.32,1012.87,89.94
30.46,53.03,8.65,1002.88,56.52
34.32,62.49,14.68,1013.82,71.5
33.57,77.86,16.45,997.0,98.84
38.95,51.4,26.02,1015.84,60.31
21.32,50.3,25.19,1012.37,66.2
33.55,71.84,25.15,1009.79,100.5
34.32,84.17,9.55,1015.24,100.03
26.08,74.89,22.34,1004.92,102.06
35.45,57.5,14.53,1011.32,63.06
25.04,58.99,16.31,1006.73,67.49
38.57,89.82,11.38,1009.39,102.52
27.43,81.81,24.33,1013.83,103.96
33.6,82.57,21.13,1011.99,101.02
32.2,75.54,11.49,995.34,91.3
31.54,76.64,20.69,1017.21,95.6
21.74,75.94,19.64,1009.17,113.06
36.06,70.6,13.98,1013.35,78.3
20.77,74.37,28.56,1016.64,100.52
39.27,59.92,16.5,1012.32,72.76
29.66,84.54,14.86,1006.21,108.69
23.68,86.77,6.75,999.7,106.35
24.17,52.4,13.66,999.55,71.29
31.85,50.55,8.06,1005.2,48.46
31.76,52.11,18.67,1010.34,62.09
31.85,81.12,26.58,998.29,118.13
37.06,78.6,29.04,1017.72,94.17
36.72,91.16,26.59,995.72,119.47
35.69,51.44,21.71,1016.92,62.45
21.05,87.16,20.04,1004.68,114.11
24.39,89.79,24.05,1001.09,128.28
26.03,83.92,8.48,1012.15,117.24
22.56,68.37,12.43,999.05,80.88
38.42,50.82,28.89,1008.33,57.73
35.17,81.47,21.86,998.01,104.61
39.63,70.84,15.14,1013.97,85.3
37.72,81.03,12.67,996.58,88.12
22.55,84.19,14.05,1013.17,114.23
30.46,84.3,10.45,998.94,99.58
22.62,72.03,14.14,1014.03,97.46
36.77,70.63,21.9,1016.32,80.98
24.86,57.12,10.75,1019.38,64.4
26.16,68.92,9.55,1003.18,85.86
38.22,66.49,18.96,1016.7,70.85
26.5,54.17,8.72,1018.81,67.28
38.57,68.22,26.35,1000.39,80.72
34.34,69.75,21.19,1011.49,85.09
29.93,89.7,25.51,1019.88,118.07
34.34,63.39,11.31,999.09,76.02
33.13,65.84,14.66,1005.88,80.8
22.57,87.51,29.97,1004.36,119.12
22.38,60.08,10.94,1001.09,80.87
30.14,56.24,28.39,1009.12,73.0
25.23,59.86,21.98,998.12,72.93
21.25,68.7,16.92,1004.97,91.47
37.0,78.15,24.07,1015.47,96.05
35.44,57.93,29.27,1005.2,75.71
34.72,86.78,11.98,1007.67,101.5
23.54,85.57,8.58,1011.91,108.69
25.76,58.1,29.92,1015.94,78.84
33.02,52.91,14.29,1002.83,65.62
31.91,50.15,21.21,1001.05,63.96
39.08,53.7,29.3,1007.41,55.14
37.28,90.6,25.47,1018.49,111.44
24.48,63.97,11.67,995.66,85.67
32.24,69.0,16.97,997.64,84.71
22.74,81.46,7.65,1014.76,104.23
21.48,78.2,15.22,1009.74,110.95
30.45,72.48,19.18,999.94,87.26
31.76,76.83,25.86,1003.22,111.15
30.34,75.64,22.75,1004.7,93.1
24.76,70.04,12.57,1012.13,84.34
31.0,66.04,19.46,1006.73,92.49
20.61,73.3,14.05,1010.66,99.74
37.01,92.7,7.9,1014.49,106.74
34.48,73.66,14.33,998.74,96.11
37.43,57.57,20.44,1008.5,64.28
38.62,61.99,10.42,1016.07,61.54
20.67,92.97,29.49,1002.56,131.26
38.92,65.41,27.23,996.3,89.65
33.35,66.7,18.17,1000.84,76.85
32.05,87.25,11.36,1007.07,104.49
21.31,62.9,18.63,1016.59,89.84
27.15,75.71,18.78,1000.64,105.54
26.93,71.17,6.1,1008.74,82.57
34.18,68.1,5.11,1019.94,69.41
25.57,85.74,27.3,1019.12,119.16
21.15,67.51,11.1,1009.28,90.48
36.56,69.93,25.64,1016.98,91.73
28.65,76.19,6.31,1004.5,95.84
23.21,61.46,14.64,995.26,84.24
20.74,55.1,6.16,1019.23,59.95
37.62,85.57,16.28,1017.06,110.0
25.66,72.03,22.6,1011.2,96.82
32.23,85.65,10.68,1001.41,99.83
29.35,91.3,13.55,1016.67,126.28
38.26,64.14,7.49,1003.78,66.53
30.99,59.65,9.54,1013.05,62.69
31.92,59.95,25.08,998.35,68.37
35.47,93.51,8.07,1008.63,110.8
36.99,94.94,13.5,1008.53,116.49
37.07,71.32,7.14,1019.92,88.65
30.19,90.38,8.51,1018.64,114.03
21.53,93.53,22.28,1002.76,129.66
31.09,79.6,15.09,999.97,94.77
23.86,73.23,29.98,1004.65,98.85
25.77,77.77,19.28,1016.85,99.33
37.98,69.76,18.41,1010.65,84.45
29.98,86.3,19.17,1000.22,118.2
36.02,73.29,27.02,1003.39,103.66
24.88,76.18,19.74,1017.85,95.77
32.91,83.71,13.31,997.76,107.29
22.63,71.32,26.37,1012.25,97.87
28.38,68.44,12.58,1003.36,85.47
23.29,80.39,21.8,1008.34,113.57
23.3,61.9,27.82,1019.13,81.56
24.83,58.52,7.86,1013.21,62.07
32.99,56.89,14.6,1004.43,60.49
33.17,71.44,18.53,1015.34,94.71
32.12,65.3,14.04,1005.18,71.23
38.89,90.67,9.09,1011.02,118.28
35.68,53.52,29.61,1006.13,73.77
34.02,89.79,9.95,1018.84,121.15
29.09,57.63,16.43,1017.04,76.09
37.79,77.01,14.66,1007.04,95.76
20.58,63.48,17.85,1006.33,97.0
35.62,68.18,20.76,997.21,80.88
21.44,65.61,9.83,1015.49,92.44
24.33,91.46,11.02,1008.18,118.26
23.63,77.48,25.89,1001.64,112.08
29.89,94.36,5.85,1014.28,118.57
29.62,58.07,22.14,1019.71,84.25
39.34,63.54,29.3,1003.81,70.7
36.33,68.03,7.38,1019.0,78.37
20.69,77.95,9.05,1018.96,101.72
30.27,55.61,29.41,1001.8,82.82
22.75,53.18,16.98,1017.06,60.59
33.61,70.6,14.11,1018.27,88.3
24.1,66.42,15.53,1001.43,93.33
37.39,67.76,16.38,1009.0,73.75
33.41,61.91,8.3,1001.51,60.4
28.35,52.88,27.18,1019.79,67.13
29.24,69.55,8.11,1018.58,81.78
31.03,69.95,23.53,1009.33,89.56
29.17,94.77,19.45,1011.2,123.79
35.02,76.08,26.06,1018.52,108.44
31.74,79.05,25.46,1001.33,102.32
38.05,77.17,21.35,1012.58,86.03
29.43,65.09,13.43,1000.0,89.41
22.67,67.97,27.88,1005.43,95.58
34.14,78.38,12.22,1002.2,98.03
37.33,56.03,7.7,1010.45,52.69
30.27,74.5,21.62,1005.54,103.41
36.56,75.34,9.6,1012.49,81.06
24.25,92.75,28.35,1002.05,137.56
31.1,75.58,19.78,1008.19,89.47
39.46,54.03,12.25,995.62,54.89
28.37,82.62,10.84,1011.57,107.3
36.52,81.42,24.27,1003.68,101.63
39.98,60.37,5.05,1013.71,66.81
33.56,66.34,8.22,1008.95,76.75
35.6,94.72,7.63,1019.25,121.7
24.65,59.11,9.51,1000.57,79.38
29.45,60.24,9.76,996.28,66.34
25.04,58.47,14.99,1008.14,68.02
28.8,79.29,22.55,1017.17,112.91
30.96,76.41,27.96,997.35,100.61
31.62,56.94,6.0,1012.24,65.45
23.84,57.13,23.12,1017.65,87.68
39.83,50.15,17.35,1017.36,60.68
33.2,52.94,11.08,1016.69,65.72
35.71,52.8,26.17,1018.6,72.79
23.64,82.4,13.57,1006.16,108.52
21.97,60.4,15.56,999.55,83.67
28.82,71.03,29.58,1005.62,107.8
21.75,55.25,11.72,995.26,73.27
25.57,91.31,28.09,1019.67,128.1
22.22,68.31,29.09,999.98,106.7
32.26,83.17,7.01,997.07,111.64
26.29,84.57,5.48,995.25,110.7
27.48,62.05,26.4,1004.63,86.56
24.15,50.59,27.72,1018.42,70.6
32.89,65.25,17.31,1010.24,87.09
20.37,71.71,14.48,1005.14,90.45
35.63,66.43,22.64,1011.09,88.62
35.34,71.88,27.09,1014.96,85.61
35.11,57.14,25.11,1006.66,70.77
30.04,88.97,11.93,1008.22,105.46
29.7,92.47,19.04,997.74,130.72
26.08,92.24,26.99,1000.53,126.74
31.1,73.62,14.08,998.38,93.47
38.94,71.69,29.31,998.39,91.04
28.26,76.52,7.36,1007.25,96.47
22.84,78.98,10.85,1012.23,100.0
34.68,53.35,22.16,1019.07,54.16
23.27,72.89,25.19,1019.07,94.16
30.17,84.29,20.36,1008.39,113.43
39.26,87.09,20.62,1003.03,108.64
38.88,61.01,18.97,1009.79,66.02
22.28,61.23,7.81,998.48,86.35
22.57,52.51,28.48,997.33,71.34
35.89,87.36,23.76,1012.1,108.71
35.32,79.32,16.78,1001.51,100.92
24.71,77.61,21.38,995.76,100.83
33.56,50.79,10.19,1012.54,56.49
37.96,51.49,18.3,1004.54,65.59
38.18,63.15,21.8,1005.8,81.41
25.26,53.52,29.93,1012.08,77.11
23.18,59.03,15.6,1000.4,86.49
22.17,72.82,22.22,1013.53,106.24
25.61,82.53,29.46,998.61,120.39
21.98,83.9,16.83,1017.58,121.08
31.74,89.55,11.43,1011.54,122.87
21.38,88.56,10.77,1013.78,113.08
25.48,94.59,20.2,1015.02,126.68
38.26,76.72,15.49,1002.69,93.15
21.17,58.17,13.82,1003.54,69.78
34.93,57.82,14.58,1000.23,72.83
34.93,53.12,24.89,998.88,56.0
20.7,85.49,24.82,997.18,132.46
23.68,89.99,8.0,1011.26,123.45
29.27,61.66,7.54,1009.44,75.87
36.97,91.95,12.56,1018.84,124.12
34.15,64.16,19.11,995.73,85.7
36.24,86.8,29.39,1013.58,120.43
37.29,83.82,19.8,1017.79,104.79
29.78,61.84,7.8,1006.47,81.45
33.9,58.77,20.72,1000.77,64.69
32.31,57.14,28.36,1017.94,74.78
26.35,89.3,25.91,1006.51,126.84
39.25,93.26,17.83,1018.88,126.34
25.63,80.68,20.75,1005.01,104.18
29.75,79.25,13.38,1004.83,100.71
21.27,52.57,21.15,1006.37,69.86
33.42,85.21,11.58,1017.68,112.66
30.69,92.09,23.84,1009.41,125.56
35.29,87.18,7.14,1019.94,112.02
37.03,55.64,16.19,1014.14,66.31
36.94,91.58,26.59,1011.45,122.24
24.15,85.63,12.22,997.67,123.82
31.48,59.43,16.54,1011.4,75.71
35.89,67.64,23.1,1016.88,84.36
31.8,63.88,7.67,1013.56,70.37
24.32,56.12,27.32,1002.59,82.92
35.91,83.83,18.99,1004.7,96.69
23.24,71.63,20.24,996.81,98.37
39.12,74.47,27.55,1000.31,91.94
22.38,87.66,13.8,1001.88,130.3
20.57,78.85,23.49,1009.14,107.56
39.36,80.35,21.17,1008.01,109.19
21.38,79.44,22.68,1002.85,119.32
34.63,85.71,26.72,1019.02,106.02
27.16,71.16,17.54,1017.03,100.39
24.05,70.9,9.61,1007.54,82.25
21.51,76.66,13.69,1013.28,109.21
23.76,63.47,9.36,1001.94,72.45
22.06,55.83,25.57,1005.05,70.59
37.88,69.17,19.07,998.88,81.0
23.52,85.44,12.65,1019.22,112.04
20.09,56.87,16.67,1014.18,69.35
33.93,72.08,12.64,1014.39,85.19
35.88,82.89,14.03,997.38,112.11
28.0,92.76,16.41,1004.46,128.38
36.81,78.54,26.64,1014.83,106.85
27.34,50.95,24.79,1004.95,72.57
35.38,53.88,5.17,999.96,51.81
25.85,82.15,6.4,1000.8,100.97
22.69,70.15,26.25,1012.32,95.83
29.51,53.58,26.82,1016.78,69.22
34.51,53.36,7.65,1016.8,61.85
38.55,58.64,23.31,1017.98,63.74
30.03,88.38,26.92,1008.75,116.83
38.47,91.8,5.01,1000.28,110.59
35.05,64.79,13.71,1017.57,78.61
36.59,75.99,15.32,1003.61,85.75
34.05,62.28,26.43,1008.83,79.64
35.21,93.39,8.22,997.07,113.01
24.34,62.63,10.68,1003.08,88.4
39.86,52.1,10.35,1010.0,54.6
25.16,92.23,23.03,1014.7,136.25
32.33,75.96,25.4,1005.58,106.94
33.97,51.89,15.83,1002.77,55.0
37.86,65.64,26.53,1017.25,86.02
23.19,87.1,19.62,1001.15,122.4
20.82,73.37,15.59,1000.09,101.49
37.85,81.28,9.07,1007.86,94.6
27.66,75.49,11.62,1001.46,88.18
34.14,92.44,25.07,1007.92,116.9
39.19,72.52,25.16,1016.58,97.38
30.88,56.52,17.61,1001.53,76.31
39.86,60.36,12.89,1006.67,57.81
31.6,63.42,22.36,1007.17,81.32
20.74,83.89,21.84,1001.61,120.01
38.02,57.7,14.5,997.4,63.18
32.68,84.77,23.88,1019.5,115.02
30.41,54.51,11.46,1014.95,56.82
32.98,87.67,14.39,996.68,102.82
22.32,92.59,8.25,995.41,134.45
32.39,83.68,13.41,1007.65,100.07
24.32,53.21,23.28,1004.09,70.22
21.96,60.65,10.48,1003.3,87.15
21.39,50.8,29.19,1006.1,71.73
38.06,57.1,21.72,1000.39,69.46
34.35,84.56,22.68,999.83,116.05
21.52,87.89,19.12,1019.31,121.91
23.73,82.91,6.94,1007.08,106.68
39.68,72.82,7.16,1009.45,78.5
30.29,78.24,28.64,1000.24,101.51
39.61,56.21,6.54,1005.98,46.3
20.98,63.71,6.05,1015.88,90.71
27.9,85.17,21.54,1000.38,110.11
34.15,56.99,7.54,1015.26,70.38
28.01,69.24,7.25,1002.12,91.96
32.49,74.94,20.37,996.54,95.17
27.5,73.02,11.62,996.23,101.66
26.24,79.24,29.28,996.89,103.97
35.38,54.56,11.33,1019.22,50.36
37.09,66.81,18.91,1018.73,83.15
34.41,53.74,17.21,1009.64,61.46
25.36,59.3,14.59,1002.23,69.91
23.77,52.21,13.0,1007.82,62.25
31.02,75.85,11.94,999.5,95.15
31.42,54.0,28.76,1018.61,76.64
34.41,90.27,13.85,1003.6,112.26
32.43,50.64,8.57,1007.11,49.2
25.9,68.82,29.45,995.91,89.74
22.26,62.41,11.5,1002.87,90.98
32.9,82.12,9.32,1005.15,103.41
20.07,69.02,16.76,999.92,92.84
33.59,70.12,27.11,1018.36,84.45
24.52,50.76,19.82,1002.03,71.34
34.85,54.5,19.82,1002.98,69.47
29.58,91.01,13.3,1001.61,116.29
21.51,74.9,8.98,1011.09,105.0
28.85,53.27,28.58,1006.2,62.02
37.03,60.38,7.87,999.31,58.74
32.81,74.98,26.55,1000.88,102.57
29.89,82.96,10.86,1009.15,108.95
22.7,67.04,10.97,1016.41,96.59
30.76,84.37,12.34,1005.23,108.99
34.36,64.58,20.1,1011.27,83.42
32.41,89.87,12.02,1008.05,124.5
39.02,69.37,12.19,1000.66,88.84
26.87,78.1,21.78,997.81,107.64
20.28,92.95,17.92,1009.74,138.26
33.79,91.94,25.25,1017.45,116.41
25.44,83.8,16.67,1015.16,109.62
32.51,71.31,15.89,1016.5,82.39
24.14,63.84,24.95,1017.83,82.04
29.92,90.23,14.67,999.85,115.71
36.91,65.9,17.98,1010.28,71.35
32.13,57.96,27.54,1011.26,81.6
21.29,56.63,18.67,997.34,79.71
32.98,94.68,28.29,1008.34,133.08
39.06,77.54,28.94,998.41,107.72
36.89,90.89,11.29,1009.82,106.34
37.8,65.65,28.46,996.39,87.81
36.47,66.26,26.19,999.16,87.52
35.66,81.65,16.52,995.02,111.88
28.8,84.83,13.69,1007.23,109.21
20.87,88.57,11.22,1017.69,123.85
20.58,52.39,14.11,996.3,77.56
24.8,66.7,11.26,1006.88,91.05
22.23,67.33,19.88,1001.18,91.07
37.72,90.8,28.41,1001.22,110.4
35.44,93.83,19.55,1003.45,113.27
24.28,50.83,8.71,1001.65,52.71
32.12,67.09,29.59,1008.77,92.46
21.72,60.77,16.94,1014.92,86.71
37.76,53.56,23.29,995.49,51.8
39.4,93.7,5.59,1016.44,112.43
31.01,50.22,9.4,1014.96,51.03
29.89,54.7,20.32,999.66,69.48
27.9,74.56,27.22,1017.64,108.73
34.85,72.71,5.01,1015.98,77.55
22.6,93.05,22.62,1017.94,124.32
24.86,72.42,19.58,1010.64,104.16
29.41,64.46,17.03,995.24,76.43
20.19,75.67,8.88,1012.98,94.43
30.23,67.88,26.03,1004.04,88.43
32.53,83.44,17.72,1016.97,100.3
30.32,71.06,10.26,998.83,95.86
25.43,54.52,29.18,999.15,79.59
25.42,56.6,19.42,1010.2,67.59
30.89,56.44,15.11,1005.53,62.85
31.74,71.6,6.52,1006.51,81.82
37.31,82.75,18.87,1013.75,97.91
27.8,67.23,15.45,1016.1,78.97
24.28,84.41,14.8,1002.36,115.08
20.17,86.61,14.32,1009.32,130.21
27.59,85.75,24.98,1001.05,111.26
27.21,55.8,14.98,997.01,71.7
38.59,85.37,14.39,1008.28,113.56
21.84,59.49,10.55,996.82,73.65
37.96,54.07,23.93,1007.06,55.49
37.05,58.4,14.65,1017.32,60.35
21.51,92.95,23.44,1003.86,135.28
26.27,68.32,17.04,1011.33,91.68
30.14,76.93,7.48,1003.03,86.18
31.81,59.67,5.79,1009.93,73.14
22.4,82.94,21.56,998.4,115.3
36.26,90.08,16.54,1005.74,121.16
24.42,90.91,13.91,1009.99,120.3
34.49,77.66,25.31,1003.31,109.26
31.79,75.15,24.45,1007.88,105.26
20.21,77.59,19.36,999.85,101.27
37.2,50.62,16.63,1009.07,49.77
39.24,58.98,10.22,1007.76,64.75
33.18,69.48,21.9,1017.76,96.85
36.24,72.86,10.71,999.74,91.9
38.7,62.0,11.1,998.22,60.15
25.0,79.08,21.39,1004.04,118.81
33.4,70.97,20.63,1017.14,99.04
20.93,82.16,15.02,1005.5,108.04
28.78,60.02,16.2,1018.73,75.47
34.36,93.23,15.49,1009.85,115.45
22.25,82.64,22.18,1006.77,111.65
20.6,59.0,12.66,1008.3,77.49
37.17,85.45,10.13,998.4,95.96
39.54,84.23,13.28,1010.27,100.53
37.24,58.79,28.29,995.83,63.98
22.57,60.01,7.05,996.98,66.66
34.34,90.38,29.14,1015.25,124.66
25.31,51.87,25.51,996.09,60.81
28.74,54.85,25.96,1015.29,70.41
35.76,86.63,8.33,1013.06,112.15
35.51,66.77,9.63,1015.02,74.58
34.46,83.27,5.81,998.92,93.97
32.03,62.92,15.97,1019.7,68.64
31.5,69.86,15.64,996.15,86.7
20.26,55.19,6.28,1007.71,66.24
31.59,67.98,28.62,1013.36,98.73
35.1,80.2,5.19,999.65,96.85
26.25,83.05,14.63,995.15,104.53
33.95,54.18,20.1,1004.89,67.93
36.66,58.37,29.34,1010.85,70.51
39.96,77.03,21.36,1003.23,93.9
33.12,58.58,12.09,997.4,58.86
33.12,51.82,7.07,1007.57,57.27
34.34,85.86,23.8,996.41,108.23
25.52,61.62,24.04,1015.59,76.49
25.23,58.14,6.24,1010.56,68.51
27.73,83.2,16.62,996.47,119.8
30.11,74.07,22.56,1017.74,108.19
33.23,82.9,26.16,1008.76,116.52
36.94,72.5,29.07,997.66,97.1
29.39,92.35,12.95,1013.65,125.31
30.97,80.82,23.8,1016.42,102.72
29.92,85.71,15.49,1006.97,121.53
33.06,56.04,22.18,1004.3,69.66
25.89,66.04,23.44,1007.79,83.75
27.41,75.49,6.85,1011.29,87.18
33.9,90.48,7.69,996.26,110.72
36.86,78.28,19.82,1011.73,107.04
39.58,84.19,22.45,1009.97,99.54
33.98,74.25,24.4,1017.7,88.44
27.01,70.37,22.87,1012.71,88.42
38.21,80.83,10.09,996.37,103.14
34.81,61.18,18.48,1010.05,70.98
24.63,78.42,17.48,1003.24,110.73
34.38,64.12,10.66,1018.81,78.44
29.39,68.21,16.8,1017.8,94.52
26.93,66.85,12.31,1019.83,89.92
34.87,75.51,7.75,1010.96,98.28
39.22,81.71,14.12,1019.79,90.64
23.13,89.61,7.71,1001.45,128.93
24.87,71.7,26.21,999.29,93.23
35.36,64.35,26.2,1012.01,79.02
20.16,56.43,18.0,1000.99,70.72
39.19,83.76,18.06,1018.74,99.19
34.83,69.53,19.93,1007.68,96.04
39.0,50.26,20.9,1012.86,57.62
34.32,90.65,19.62,1011.03,111.47
39.27,94.28,14.88,1011.48,112.64
29.23,65.83,26.01,1000.97,82.84
23.79,70.57,23.3,1014.15,102.41
22.15,92.84,23.47,1004.71,143.23
24.98,83.25,8.18,997.11,109.89
30.61,83.86,24.73,996.68,113.14
21.46,66.74,23.03,1007.37,91.45
26.16,77.37,5.43,1010.59,101.15
32.18,65.42,20.99,1005.5,88.06
36.66,78.21,6.31,1017.1,86.76
30.67,51.19,14.84,1011.89,54.83
21.28,60.97,15.38,1002.97,75.85
28.48,82.72,19.36,1003.26,109.0
31.68,60.29,23.74,1016.69,72.34
20.13,80.11,9.41,1010.92,99.35
20.78,86.19,6.53,1017.77,106.8
38.36,64.24,25.45,1006.58,75.17
22.16,64.17,5.85,1006.0,82.66
26.62,73.63,21.83,1014.24,104.24
35.36,65.92,15.3,998.47,77.88
30.89,83.97,20.4,1000.15,110.98
26.27,63.09,15.98,998.27,83.97
26.11,85.08,19.7,1014.57,126.37
25.3,81.91,9.38,1011.55,101.98
22.08,86.76,18.62,996.1,112.95
28.01,80.29,5.22,996.83,99.44
34.6,93.81,24.11,1016.65,118.8
22.31,89.03,29.88,1019.7,134.08
33.62,63.62,29.74,1002.37,82.54
39.05,64.17,18.65,1014.33,71.31
32.35,60.41,27.24,1002.67,87.25
21.82,51.52,25.42,1010.8,66.8
38.72,60.02,18.34,1015.1,67.38
28.83,53.19,25.19,1010.36,61.16
24.65,67.25,16.64,1016.33,88.89
34.62,88.99,7.48,995.31,101.82
30.62,56.23,24.42,1012.87,62.27
26.7,94.22,9.18,998.57,125.92
28.68,64.15,23.27,998.15,75.25
30.96,78.95,21.6,995.74,103.14
25.83,82.9,26.82,1000.25,113.46
33.95,91.8,20.48,1013.67,119.71
24.97,63.81,21.75,1008.0,87.08
32.15,92.31,19.86,1009.96,122.63
39.64,51.21,22.97,1017.28,48.95
20.36,66.15,5.16,999.91,90.75
33.28,52.97,15.81,1018.36,69.99
30.23,77.75,8.0,1001.12,87.35
26.47,68.12,19.3,1009.18,92.97
28.82,74.37,17.81,1006.57,93.93
25.35,64.42,27.17,1006.58,99.56
37.82,86.04,22.01,1004.79,116.79
34.47,86.69,16.1,1014.56,105.83
31.26,57.58,9.76,999.8,56.56
35.97,89.15,15.43,1004.12,110.6
20.67,57.32,29.74,1011.48,92.31
24.96,69.7,20.5,1017.16,103.84
24.94,90.85,29.8,998.61,140.33
32.88,91.62,7.69,997.32,105.66
34.49,51.47,20.32,1004.02,54.13
21.28,87.31,28.66,1017.06,123.87
38.93,80.5,19.99,1018.37,103.5
38.46,91.82,22.73,1005.67,108.87
23.53,58.25,20.15,997.06,82.62
36.7,84.23,29.6,999.97,102.05
32.96,56.52,13.56,1016.21,63.05
32.74,83.76,26.34,1001.22,121.94
30.46,90.46,11.2,1010.76,119.36
38.85,64.87,5.33,1018.76,64.68
27.25,80.74,18.19,1001.74,117.11
24.75,53.79,6.29,1002.33,70.19
34.99,63.47,20.64,1005.04,75.01
37.42,54.16,25.01,1016.09,72.29
30.97,79.56,13.99,1006.39,96.24
39.6,83.46,5.02,1012.84,97.57
21.09,50.71,17.12,999.75,67.39
38.11,54.82,14.12,997.22,55.5
29.2,67.15,15.88,995.3,84.83
39.96,91.98,14.61,1007.54,113.14
34.91,91.37,26.66,996.14,129.25
34.92,93.39,26.52,1000.39,119.45
23.59,85.19,7.66,1015.49,114.02
34.35,56.37,15.41,1002.02,67.68
33.6,73.11,11.83,1007.26,79.32
23.3,77.74,9.88,999.19,96.62
37.61,81.95,6.0,995.32,97.72
32.42,76.53,20.05,1002.52,89.06
33.2,84.21,5.86,1010.64,105.15
39.28,86.17,10.69,1008.96,98.88
24.71,83.48,7.06,1019.2,118.13
27.13,54.43,9.87,1001.09,74.44
21.83,86.79,20.92,1011.23,125.07
30.99,55.94,13.32,1011.22,57.36
29.47,65.31,28.42,1006.49,84.66
23.69,90.72,9.54,1000.29,117.24
36.07,63.86,13.22,1008.23,82.84
22.74,50.6,11.02,1012.98,59.41
39.46,83.28,24.06,998.26,103.71
35.27,89.41,7.02,1005.93,108.66
33.19,54.4,8.39,1010.27,65.1
34.13,86.95,8.78,1000.02,107.37
20.47,66.12,10.94,997.57,79.41
24.59,87.46,20.15,1016.62,126.07
21.04,70.42,11.0,1011.28,90.08
31.21,60.74,21.16,997.1,76.12
34.95,58.71,7.53,1014.11,54.73
38.35,89.52,10.79,1001.75,112.58
39.75,94.97,12.0,995.95,117.92
29.26,65.47,19.91,1018.83,93.4
29.8,51.67,28.63,1015.98,62.83
22.94,89.16,24.34,1000.8,126.27
25.04,84.17,29.18,1007.3,116.87
32.26,66.29,24.82,1010.04,88.32
39.46,75.17,16.16,1013.37,92.84
23.15,78.96,9.3,1010.17,100.59
29.33,53.6,25.85,1012.32,74.5
30.0,87.89,22.59,997.55,127.04
23.86,59.05,19.3,1001.07,83.08
27.62,90.14,5.09,1006.8,123.7
34.61,60.61,26.44,1002.11,77.07
36.91,59.74,23.99,1011.79,74.01
29.54,84.96,11.15,1006.78,102.29
23.74,77.39,14.45,1017.33,112.48
39.74,74.62,19.67,1004.73,98.6
25.03,71.54,24.0,1009.81,104.55
25.8,88.63,26.46,1005.84,117.23
31.88,81.9,5.01,1015.77,92.83
25.46,82.1,26.08,1019.57,106.33
28.52,72.42,26.97,1010.58,91.21
26.9,79.06,22.34,998.01,107.98
20.92,85.24,13.12,995.14,109.18
38.34,72.34,13.22,1014.19,74.9
36.36,53.84,25.93,1005.55,58.7
23.51,50.33,9.46,1010.95,56.7
28.0,76.06,19.45,1012.24,98.19
29.02,92.16,9.64,1010.34,110.14
35.37,68.88,13.64,1015.78,88.3
22.63,71.74,20.16,1016.76,90.88
35.96,67.66,15.22,1002.24,88.75
26.89,57.09,22.02,1007.26,81.3
25.89,65.74,8.26,998.55,77.9
34.04,51.95,14.16,1008.57,50.27
30.24,54.42,29.25,1014.58,62.53
37.86,59.84,23.92,1015.96,72.59
33.95,78.3,8.91,1014.01,98.3
31.52,67.54,28.67,1002.93,90.19
22.53,55.03,28.25,1000.53,82.84
34.04,72.04,21.96,1011.97,88.74
33.07,50.42,9.78,1008.48,57.9
32.85,83.32,7.83,1016.32,110.7
20.58,70.78,10.5,999.98,89.15
34.41,77.5,17.21,1003.4,103.56
23.58,91.79,28.79,1000.95,141.6
21.68,56.77,26.92,995.32,90.86
21.73,51.22,28.54,1006.7,77.22
27.55,78.34,28.21,1014.57,106.27
34.99,74.36,23.05,1009.21,96.69
30.32,69.68,23.69,999.23,88.48
32.11,61.49,10.21,1010.54,64.1
26.02,76.85,10.34,1009.08,103.78
33.6,70.64,12.99,1015.41,84.43
24.99,67.98,10.39,1009.94,92.19
36.29,60.15,11.93,998.76,64.08
38.83,69.0,23.41,1012.69,82.37
30.58,61.48,20.62,995.48,71.36
28.75,52.08,28.6,1012.37,78.12
25.48,66.3,22.53,1007.69,88.63
26.16,62.11,13.96,1005.56,84.06
35.77,55.02,26.03,1011.17,76.55
25.42,76.82,12.46,1006.58,106.49
28.66,58.02,6.83,1014.71,61.2
26.17,92.96,20.06,1007.35,138.21
20.08,76.61,7.25,1018.22,100.55
20.02,74.16,22.15,1013.18,101.11
38.78,63.89,19.15,1009.8,78.54
33.8,62.41,18.1,1006.56,70.41
20.37,63.24,12.39,1012.13,76.25
28.15,63.49,20.87,1017.65,89.57
25.72,73.22,8.68,996.42,95.91
37.27,64.49,21.62,1018.0,83.5
36.2,58.82,16.57,1002.23,65.9
20.87,61.76,19.11,997.9,91.31
22.31,53.37,20.92,1002.64,69.7
29.65,72.9,26.52,1010.25,96.14
35.34,92.41,12.44,1000.96,123.8
20.51,87.0,14.31,1010.28,122.19
22.14,68.45,8.54,1010.46,97.85
20.44,87.04,6.53,1007.4,120.23
20.39,62.46,20.67,996.49,83.03
28.22,89.33,14.93,998.56,121.64
29.29,83.97,18.26,997.48,110.0
36.88,85.62,9.67,998.56,99.56
38.73,66.61,23.13,1018.44,83.36
39.64,67.03,29.67,1019.99,82.08
24.42,77.17,26.51,1016.39,118.66
29.13,57.3,17.51,997.5,73.46
25.05,65.9,24.92,1005.68,84.41
23.12,63.26,22.89,1012.96,77.99
27.56,88.32,22.77,1006.54,126.19
23.9,93.79,15.28,1011.35,127.57
20.52,53.33,22.07,1013.15,69.9
25.98,75.65,25.56,1011.51,103.78
24.45,57.34,13.74,1014.74,78.37
20.11,84.83,7.97,995.38,119.82
30.9,75.83,14.93,1005.21,91.37
38.71,87.51,21.54,995.33,110.09
31.66,76.49,19.26,1008.08,89.7
30.67,85.72,5.22,998.73,106.71
27.31,84.91,12.0,1003.8,101.94
36.0,87.1,11.55,1015.01,102.36
22.4,52.01,9.9,1019.44,67.88
35.21,55.47,5.78,995.63,57.42
26.54,82.77,26.53,995.65,112.82
28.91,84.01,10.67,1016.55,105.16
25.52,67.54,22.33,1005.58,98.98
39.97,51.63,14.88,996.41,49.96
33.43,68.73,23.25,997.67,95.52
26.75,65.76,20.6,1005.34,93.95
24.58,68.01,8.63,999.52,93.48
28.66,60.83,5.04,1007.47,68.22
32.92,80.48,7.21,1005.63,96.71
39.5,90.44,10.92,1005.83,103.63
39.85,84.56,5.95,1006.04,88.99
34.64,90.03,5.15,1009.36,112.53
22.09,93.43,23.13,1011.04,133.18
30.55,86.13,6.42,1009.0,107.68
35.84,75.72,10.8,1000.86,92.72
32.26,70.04,25.58,1001.78,101.8
33.32,75.9,7.4,1010.29,96.61
29.62,93.14,6.58,1002.11,119.27
33.03,64.95,19.55,1015.23,72.15
31.54,51.05,14.86,1014.81,64.17
22.98,73.0,29.82,1000.82,99.29
36.23,59.77,13.85,1014.33,72.88
39.7,87.05,13.3,1006.99,99.78
38.93,83.92,17.97,1000.13,111.32
28.36,84.03,7.58,1016.71,99.29
32.49,51.11,10.25,1000.62,62.0
24.53,85.56,13.62,1014.28,111.34
30.75,55.97,12.06,1010.28,61.11
37.25,67.24,11.8,1018.17,77.48
25.15,65.99,5.67,1000.38,72.57
37.29,56.91,22.17,1004.07,71.94
31.61,75.89,15.47,1018.67,91.51
36.36,55.85,24.76,1007.66,70.25
21.19,83.1,19.64,1016.37,108.3
35.05,79.21,23.09,996.49,99.46
32.43,84.25,10.06,1018.27,100.87
27.32,75.81,7.89,1001.85,101.38
30.94,70.62,29.11,1003.94,95.18
22.53,58.72,25.01,1000.76,84.55
32.12,54.95,28.54,1006.35,64.76
28.43,89.04,26.93,1008.16,127.14
20.91,93.51,20.58,1006.19,141.18
30.64,51.13,19.39,1010.22,57.16
37.62,71.62,14.34,1019.97,76.17
22.23,65.22,13.68,1006.07,92.13
31.45,91.21,5.89,1011.29,120.63
31.06,52.08,29.25,1014.42,73.6
38.77,69.2,24.3,1014.4,92.73
36.51,92.71,12.53,1003.62,106.61
31.87,78.99,27.15,1011.58,98.3
39.74,68.21,27.82,1006.75,85.19
27.17,86.26,17.69,1005.39,112.59
24.86,89.36,22.47,998.21,128.26
30.45,90.99,19.84,996.45,117.42
33.55,55.68,9.75,1007.76,55.41
28.02,58.01,13.89,998.77,67.15
38.21,61.67,10.96,1001.69,59.21
37.96,66.79,16.22,1011.87,80.4
36.56,62.03,27.53,1003.5,74.22
32.18,61.75,15.7,1002.75,75.48
32.79,88.55,19.18,1011.48,122.14
25.02,69.29,18.47,1008.78,101.5
37.59,55.08,8.22,1004.0,64.4
38.94,74.21,22.16,1014.81,90.5
34.67,52.47,24.13,1014.95,68.65
29.9,90.77,26.04,1018.01,116.16
22.55,90.62,28.49,1007.8,125.64
27.71,94.44,12.16,1015.34,133.57
31.93,61.72,27.6,1018.01,76.89
38.58,84.76,12.92,1004.28,93.34
28.58,70.32,28.57,1015.8,99.66
36.27,76.6,13.33,998.19,91.86
27.2,63.27,9.14,1001.72,73.98
23.14,63.58,16.0,998.11,84.93
28.88,70.72,25.65,1001.1,86.82
36.53,73.06,24.77,1012.02,84.9
27.78,80.6,20.4,1014.58,104.47
35.31,66.65,21.2,1013.54,85.99
35.61,83.4,13.5,1009.24,106.8
37.81,91.74,16.63,1017.3,124.07
38.91,60.33,12.81,1011.66,69.9
22.99,74.75,12.24,1013.74,97.8
36.27,76.68,24.07,1007.85,105.69
22.93,88.63,19.49,1010.42,123.65
32.8,79.1,13.98,1009.64,92.52
20.53,88.39,19.76,996.96,119.93
38.89,55.1,18.94,1003.1,53.95
38.65,77.61,6.6,1004.4,95.95
36.46,88.05,27.08,1015.22,122.46
37.8,88.91,25.94,999.06,123.4
30.67,50.41,26.51,999.06,71.77
30.99,50.67,29.07,1017.71,60.38
24.96,59.37,29.02,1009.74,86.3
32.46,85.8,7.73,1011.47,100.53
34.69,89.0,11.33,1014.35,114.0
34.73,62.6,21.7,1001.62,74.9
33.98,66.74,25.49,1016.16,88.1
24.74,69.37,21.37,1002.29,101.01
38.23,87.65,28.79,1006.43,109.58
24.53,76.62,12.33,1015.53,109.68
38.55,51.11,7.92,996.8,41.73
28.7,87.72,23.09,1005.75,114.79
27.23,58.46,29.74,995.26,80.72
25.55,72.36,13.06,1003.89,92.26
31.54,57.76,23.12,1019.38,78.15
32.85,87.0,28.58,1005.99,126.93
26.34,70.39,22.59,1019.24,88.93
20.44,83.49,22.88,1013.93,129.7
37.81,71.12,19.48,1001.31,85.25
21.13,65.1,7.05,1009.12,93.4
33.27,92.59,23.5,1005.05,127.39
21.56,92.98,12.26,1014.84,130.78
34.15,59.78,26.27,1018.65,81.27
33.36,71.6,13.23,1001.52,90.0
38.35,89.1,26.53,1007.17,123.12
25.15,84.19,22.19,998.71,125.05
34.14,52.97,28.01,997.95,75.16
22.79,73.39,29.07,1015.61,105.73
26.98,86.58,26.55,997.86,113.13
31.21,52.27,12.96,1006.79,63.0
21.33,75.53,12.44,1005.47,105.46
29.58,66.81,17.89,997.21,93.39
33.04,64.51,27.98,996.99,86.69
29.88,71.61,9.48,1018.88,81.57
23.41,67.2,14.5,1000.45,92.78
30.06,65.69,9.77,996.37,74.98
22.48,92.53,24.33,1016.41,139.91
35.88,71.14,18.05,1004.64,80.0
37.81,72.02,21.26,1000.63,87.67
32.64,62.53,27.37,1016.6,79.43
26.07,64.95,9.94,1000.09,83.7
23.68,83.77,14.14,1008.02,111.87
27.31,72.83,20.85,1015.7,93.63
37.98,53.46,27.24,995.07,58.53
26.66,63.0,13.45,1012.25,80.83
29.37,81.43,5.89,997.97,96.05
33.95,85.09,8.09,1015.18,99.53
28.58,53.05,26.35,1002.31,62.28
24.11,90.42,25.19,1014.94,133.3
31.13,70.94,20.56,1018.43,88.8
28.24,89.68,19.67,1005.61,129.03
24.4,89.52,25.84,1018.7,131.78
35.37,92.05,15.57,1009.45,113.6
33.88,66.4,22.27,1003.64,88.73
37.2,55.6,15.63,1018.22,70.27
30.28,93.68,29.22,1004.46,121.38
27.42,69.61,12.55,1007.35,83.42
28.23,75.6,17.56,1018.48,101.99
25.53,77.23,29.27,1012.45,114.24
30.81,69.05,13.17,1003.61,92.84
23.83,56.86,8.56,1014.88,70.48
21.28,76.6,24.3,998.53,109.12
39.87,71.12,6.2,1002.68,77.3
37.01,55.87,15.71,1003.16,65.35
20.49,54.94,8.05,1010.7,60.24
28.1,59.07,8.49,1010.27,64.45
24.44,57.45,7.39,997.03,71.99
26.23,78.6,16.88,998.9,98.26
27.93,58.05,18.55,996.35,83.41
33.53,78.71,19.19,1007.11,96.39
28.22,76.07,14.4,1004.49,99.28
25.36,50.51,9.24,998.37,59.38
39.79,56.94,23.86,1009.73,66.56
38.82,89.57,23.88,1001.1,108.33
39.33,88.33,24.22,1019.97,108.93
38.77,51.77,10.28,1010.11,50.13
36.7,79.09,29.14,997.99,111.12
39.24,74.65,23.9,1000.81,99.64
22.51,91.41,29.36,998.78,134.64
20.63,60.66,29.59,996.92,82.64
25.75,82.02,14.76,1015.26,111.73
25.81,78.79,17.37,999.62,114.99
39.32,71.64,25.01,1004.28,86.48
30.07,52.09,17.98,1012.91,64.89
35.84,87.18,17.6,1002.24,106.94
23.64,57.32,25.33,1015.52,82.78
37.58,58.68,27.67,1004.6,65.83
32.9,94.54,8.27,1015.24,125.06
35.5,58.55,25.49,999.44,69.42
24.94,82.63,13.05,996.39,114.09
28.19,86.86,16.03,1003.46,118.89
37.77,67.08,27.95,1001.73,76.66
20.1,92.37,10.48,1003.75,137.58
25.09,94.74,12.93,1004.24,122.77
30.78,51.11,21.2,1011.94,54.85
36.59,81.25,9.31,998.19,106.58
23.18,69.03,12.48,1017.25,88.26
36.84,88.88,11.05,1011.86,115.35
37.91,56.39,5.7,1011.1,56.58
32.13,94.04,17.81,996.25,114.89
35.18,68.85,7.2,1004.49,84.69
24.95,60.48,26.22,1011.33,78.42
33.21,84.09,12.17,1018.17,113.53
20.32,71.27,17.07,998.89,97.48
32.63,83.25,17.84,1005.48,111.23
30.59,65.29,12.91,1017.32,81.48
31.03,81.69,22.41,1014.37,105.69
31.2,92.38,9.99,1019.57,109.85
37.67,52.39,12.1,1008.63,57.36
28.58,65.67,26.87,999.44,87.05
39.23,84.18,8.49,996.74,102.45
30.4,88.2,19.3,1008.11,110.21
37.17,63.28,24.15,1001.9,78.05
20.9,52.17,16.05,1016.68,60.89
39.79,91.88,10.51,1013.76,102.56
37.11,79.17,29.01,1009.55,107.88
27.46,78.63,10.98,1010.34,101.69
36.17,71.44,12.83,1014.69,83.02
25.52,55.91,9.98,1010.67,63.16
39.71,82.73,6.86,1007.97,90.71
30.45,68.51,5.56,1003.58,78.4
21.46,74.65,21.04,1006.92,96.92
27.08,73.03,27.53,999.42,107.49
21.62,93.07,10.04,1017.12,125.8
30.93,61.63,6.43,1013.26,68.84
22.87,92.72,28.97,998.7,131.41
32.87,75.6,17.01,1010.14,94.8
28.1,69.82,24.97,1014.7,92.76
36.58,68.94,11.72,1005.73,88.5
34.43,52.55,11.2,1019.0,66.78
21.43,70.72,7.71,1000.72,102.43
20.95,91.65,17.36,1014.78,135.14
31.64,80.36,24.58,1010.69,100.81
31.48,86.83,24.99,1017.95,118.32
36.81,67.88,15.96,1013.5,82.98
21.88,66.84,8.42,1006.38,87.66
32.15,52.68,29.7,1006.3,72.86
27.42,65.68,13.38,1013.83,90.27
35.93,71.97,10.56,1001.37,91.53
39.07,62.26,17.5,995.47,64.51
28.08,51.42,21.6,1001.6,60.08
27.29,93.93,5.5,1011.13,114.55
22.64,69.18,12.45,996.49,101.32
25.35,51.13,5.51,1004.13,55.23
25.54,53.43,27.65,1003.6,76.48
22.6,87.06,13.43,1014.07,109.93
24.87,86.72,23.02,998.05,115.87
37.42,91.84,8.97,1003.02,107.78
20.6,74.66,19.92,1009.0,104.03
32.87,88.24,27.68,1016.94,118.92
26.71,57.72,13.67,1007.02,65.16
30.28,65.84,14.35,1003.67,82.81
25.64,81.05,28.14,1010.16,120.09
36.24,75.13,25.15,995.57,86.39
38.28,75.8,19.58,1019.86,93.71
24.65,90.54,10.45,1007.76,121.7
31.72,53.9,18.74,995.38,56.18
39.03,68.0,28.49,996.07,90.21
27.55,87.41,14.89,1009.36,122.69
33.55,70.53,22.21,1011.7,91.49
22.39,54.71,9.87,1018.79,59.24
37.51,58.25,24.49,1011.66,74.52
26.72,62.8,26.75,1018.49,83.84
21.48,75.66,13.88,1000.91,108.31
22.58,93.21,28.93,1001.3,132.33
36.76,86.83,24.13,1018.22,104.86
36.55,70.67,17.11,995.65,85.37
34.85,57.98,23.37,1016.61,68.36
24.04,61.89,11.08,1008.77,79.99
39.87,50.26,21.19,1000.61,49.34
37.78,51.05,10.14,1014.15,53.57
26.34,87.16,27.02,1011.32,127.55
21.0,94.73,7.59,1000.32,119.74
35.45,51.67,19.88,1008.26,55.69
28.58,73.26,5.68,1001.94,99.66
36.13,78.93,11.67,1003.65,86.49
24.96,75.56,5.8,1013.13,99.15
21.2,80.67,29.34,1019.8,120.27
33.22,89.01,11.08,1016.99,120.27
26.79,92.61,5.38,996.61,128.22
32.4,63.83,10.98,997.05,74.14
36.6,50.02,27.86,1007.72,57.36
25.04,77.82,12.44,1004.84,100.87
30.67,58.36,24.87,1008.61,84.53
25.86,60.18,24.1,997.07,85.52
31.64,65.05,13.11,1018.63,70.18
34.86,52.17,9.66,997.2,51.1
33.08,64.92,16.17,1008.5,76.3
37.46,89.58,22.11,1016.79,118.26
25.79,73.79,20.66,1008.91,99.67
27.42,85.96,6.02,1012.15,103.7
22.85,50.89,11.16,1008.64,60.77
31.91,62.8,26.27,997.28,90.88
34.52,53.84,24.51,996.95,69.9
23.63,85.16,24.75,1011.59,126.85
22.34,51.87,12.97,1015.36,72.32
28.37,90.25,6.99,1018.63,122.17
21.02,59.55,6.37,998.22,66.72
39.02,89.97,24.19,1008.96,120.34
28.49,81.32,10.15,998.28,102.74
31.84,90.33,17.51,1001.9,123.13
36.73,76.55,24.82,1005.62,88.48
35.76,66.81,7.18,1018.36,77.68
23.86,90.73,20.03,1009.79,117.37
25.45,52.51,25.92,1003.17,75.51
30.95,86.98,12.16,998.78,108.75
23.23,89.25,12.5,995.51,113.1
31.7,68.21,11.32,1003.35,79.05
31.38,61.33,19.04,1000.0,67.66
26.86,78.8,18.11,1010.04,99.63
32.91,89.05,20.04,1018.74,109.83
25.3,62.52,28.38,1014.13,79.12
36.7,83.91,19.16,1001.88,113.69
21.95,86.31,11.75,996.83,109.71
30.82,76.87,6.22,996.73,100.3
34.53,57.49,12.03,1006.55,66.76
37.78,70.94,21.77,1011.45,81.92
25.65,54.52,27.85,995.15,78.64
31.13,80.99,16.09,1010.52,109.59
26.83,62.53,20.92,1011.99,90.78
30.95,71.06,8.44,1018.41,80.88
37.08,90.27,7.25,1005.32,102.32
35.21,55.24,27.73,995.21,69.37
38.53,70.78,24.58,995.59,91.38
32.65,75.48,9.54,1019.01,96.23
39.19,83.92,6.06,1018.85,107.31
35.69,52.34,23.83,995.71,71.09
32.73,50.07,12.51,1003.74,48.12
26.94,82.33,12.88,997.4,116.81
22.04,84.91,20.54,995.67,121.82
26.63,75.62,20.15,1006.0,110.47
25.04,87.23,28.26,1010.03,115.75
26.26,70.59,23.66,1005.85,102.71
39.99,68.13,21.25,1006.53,85.1
34.51,51.81,6.3,997.99,47.71
31.54,53.66,11.43,1004.77,65.73
24.99,84.51,21.01,1016.21,109.42
31.43,64.95,25.92,1002.24,89.95
21.08,89.59,9.3,1007.33,113.41
36.63,50.76,22.93,1019.51,50.54
31.03,63.18,17.35,1017.48,70.68
24.27,94.26,12.24,1004.42,133.9
29.3,93.98,10.71,1013.93,118.58
25.17,54.5,11.35,1005.33,73.37
39.39,90.96,18.86,1010.53,110.8
22.25,70.41,8.54,1004.81,82.13
39.3,65.78,5.65,1004.65,79.26
35.95,87.36,6.6,1015.81,111.09
34.45,55.38,20.51,1014.65,58.74
31.21,77.41,24.42,1006.89,102.74
28.7,68.17,23.28,998.73,98.74
26.55,91.59,16.58,1012.38,122.7
27.97,63.19,6.35,1017.25,74.75
30.75,53.83,5.61,1005.94,63.29
22.27,90.96,5.32,1003.38,119.79
29.79,65.36,28.28,1017.59,97.87
31.6,78.07,21.67,997.24,102.33
37.01,75.56,28.26,1009.26,106.86
35.84,92.04,16.39,997.33,112.17
21.73,72.9,8.5,1000.08,97.95
24.38,82.26,23.79,1005.18,114.71
27.62,89.57,8.03,1009.98,123.22
30.52,75.95,6.62,1008.61,102.35
26.85,71.59,5.11,1006.89,96.03
34.54,91.92,7.11,1000.35,107.23
20.11,67.06,13.07,1018.98,85.51
37.38,87.71,18.8,998.24,107.88
26.88,73.84,16.78,1018.53,104.04
32.77,65.47,25.38,1008.59,83.15
24.11,87.38,27.68,1005.84,120.37
21.88,61.66,7.69,1016.42,78.84
37.21,73.93,22.01,998.12,85.96
30.81,59.27,13.86,1008.64,62.82
25.51,50.52,29.44,1000.5,70.45
26.67,92.56,14.19,1000.01,126.72
31.09,91.94,13.07,1016.67,129.44
35.2,50.72,18.41,998.86,49.13
29.38,59.29,16.66,1001.69,64.59
20.59,87.38,17.68,998.75,118.2
27.32,51.86,20.55,1015.09,57.42
23.94,90.99,21.62,1019.47,132.08
26.23,55.78,27.89,1007.14,81.65
22.29,64.53,25.09,999.89,91.07
26.59,76.03,15.58,1001.17,97.44
37.89,74.76,10.93,999.19,78.02
27.13,53.61,29.19,1006.41,77.31
38.14,89.23,8.37,998.6,102.83
36.04,90.17,19.94,1001.37,109.71
39.46,68.71,26.22,1003.77,82.71
24.02,82.43,14.94,1001.6,117.7
35.84,77.6,10.16,1016.78,99.81
38.3,54.91,24.81,1003.19,66.05
23.91,90.15,20.46,1016.54,121.57
33.4,55.1,22.21,999.6,59.35
36.89,83.49,10.47,1003.7,110.02
26.64,89.27,14.22,996.81,118.08
31.4,60.28,26.01,1015.85,71.68
38.98,62.24,13.23,1013.24,64.47
32.67,65.26,29.3,1009.42,86.68
32.98,85.02,5.32,995.09,96.43
22.32,63.25,9.88,1005.76,72.72
29.15,53.64,14.49,1001.61,56.05
20.47,87.94,14.71,1009.16,127.35
35.98,77.5,25.89,1011.08,96.34
22.07,77.38,24.14,1018.98,106.72
27.59,57.15,9.45,996.49,76.37
34.14,74.35,14.25,1004.72,88.11
31.95,61.12,13.29,997.01,73.41
28.68,50.67,28.28,1003.63,66.77
30.0,85.46,15.3,1013.31,105.01
21.88,70.0,21.13,998.07,94.34
21.59,67.37,8.28,1009.29,80.33
28.89,69.45,25.5,996.34,99.26
33.68,68.69,27.96,1001.99,99.45
22.17,89.51,20.83,1012.8,126.15
38.79,85.56,16.97,995.27,107.47
31.11,76.02,24.32,1005.45,97.96
34.58,85.68,26.94,1004.34,118.71
25.58,68.73,20.23,1018.84,90.73
29.07,91.73,19.08,1013.77,130.51
24.7,75.6,28.82,997.18,110.0
29.87,71.39,28.21,1009.47,88.64
29.57,72.9,20.59,1018.74,95.43
22.79,51.52,26.57,998.45,80.69
32.3,65.67,24.56,1009.48,88.14
20.4,90.35,13.31,1005.73,121.14
37.14,70.86,17.31,1001.02,84.66
28.82,51.35,27.86,1006.21,76.45
38.3,81.45,16.28,1001.88,101.42
21.12,57.84,20.12,1016.7,70.42
34.42,60.13,10.56,998.36,68.07
26.01,87.29,21.99,1008.28,125.8
35.79,60.53,17.05,1008.02,79.49
28.83,52.66,6.03,998.88,67.43
21.63,68.79,28.8,995.21,91.5
34.57,57.02,16.92,1017.87,67.27
37.82,84.75,18.0,1013.16,113.85
31.93,87.06,11.25,1013.71,103.33
26.51,85.34,24.56,1010.06,112.41
34.55,50.69,19.71,1009.65,54.88
35.2,59.52,12.51,1005.89,69.52
32.98,75.69,22.29,1017.27,92.34
25.64,85.14,6.64,1010.08,118.82
35.94,66.08,10.16,1015.21,76.39
20.37,57.7,15.13,1010.35,77.2
23.66,72.78,15.7,997.63,107.05
38.52,58.53,5.75,996.92,67.35
29.75,59.49,11.69,1007.83,80.98
39.09,81.1,12.78,995.44,87.4
22.21,76.47,11.48,1019.74,95.73
39.48,69.22,16.82,1012.67,83.68
38.41,58.54,29.93,997.47,73.97
27.52,63.98,28.49,1018.17,84.9
32.22,78.89,27.18,1015.26,113.38
25.47,57.23,16.47,1008.14,81.0
22.51,79.26,25.41,996.32,110.95
20.57,60.04,21.4,999.83,91.39
32.24,86.95,9.21,1014.9,113.4
32.79,64.89,23.16,999.62,86.42
20.51,63.25,10.36,1000.63,87.94
33.6,82.21,29.34,1003.48,119.51
33.91,90.09,28.15,1009.2,123.83
23.99,90.89,10.13,1006.43,127.59
28.31,73.19,16.48,1008.01,92.92
32.96,79.67,20.95,999.16,94.09
29.99,76.2,26.17,1007.85,109.89
29.83,52.06,29.79,1000.26,76.66
26.02,89.31,27.71,1016.64,130.93
23.24,83.67,12.66,1008.22,107.9
26.43,93.76,5.39,1013.68,114.66
29.07,69.53,5.06,1009.16,81.82
29.5,65.13,20.55,1006.93,89.67
31.16,78.83,19.04,1009.34,108.24
29.61,54.42,10.52,995.83,68.81
28.9,51.91,7.14,1008.65,53.56
28.88,72.49,5.91,995.17,78.64
36.25,81.32,11.46,1007.67,103.0
33.91,68.66,13.66,1017.36,84.48
22.54,68.47,24.99,1013.02,87.35
30.12,75.52,26.2,1004.7,105.7
36.16,75.85,7.92,997.64,82.31
33.8,74.18,20.32,1016.78,102.62
30.85,73.85,12.19,1010.55,97.69
32.06,69.97,7.3,1001.77,91.44
25.34,86.84,10.73,1001.06,106.61
38.02,60.93,7.71,1019.92,65.45
32.91,85.37,10.07,1005.65,106.22
22.36,85.11,24.45,996.44,122.08
35.21,61.32,7.64,1017.08,75.68
37.51,78.48,17.12,996.68,89.49
27.15,55.39,9.96,1015.96,69.0
36.03,61.1,26.45,1011.42,81.56
28.04,69.16,8.09,1016.3,93.19
23.56,54.6,29.5,997.32,72.6
24.02,72.19,26.22,1004.34,110.02
36.78,93.14,8.57,1018.7,109.03
28.29,85.11,6.6,995.42,100.42
29.48,61.98,18.79,1018.13,77.69
35.31,88.46,7.02,996.16,99.48
37.84,72.39,23.03,1017.19,95.89
28.77,70.96,14.4,1019.13,89.58
25.05,65.09,16.26,1014.04,88.51
37.12,54.46,12.6,1019.96,61.29
33.12,82.62,23.68,999.84,110.62
28.86,56.81,6.38,1000.07,72.17
20.14,77.03,15.21,1007.85,98.31
30.14,62.57,17.54,1005.1,68.83
21.98,58.01,20.48,1000.18,83.44
31.97,59.78,20.17,1017.08,77.37
21.99,67.15,18.96,1010.24,99.01
31.81,72.9,22.44,1012.3,87.19
23.4,64.96,11.52,999.86,93.9
35.0,89.88,10.1,1013.83,106.65
25.68,83.92,17.39,1019.38,119.68
36.91,52.31,23.37,995.44,67.01
35.1,91.53,24.54,1000.14,111.64
34.47,81.36,23.34,1004.08,102.13
35.86,66.57,20.19,1008.57,81.64
21.38,73.24,20.97,997.79,96.87
23.36,57.24,29.61,1001.73,76.02
27.87,81.13,22.08,997.17,115.33
25.75,87.26,22.91,1005.65,130.23
38.15,59.4,6.04,1001.05,58.41
37.65,74.43,29.46,1002.9,101.01
32.22,55.94,29.99,1017.38,78.81
33.0,67.65,22.9,1014.57,87.07
39.95,52.95,24.02,1012.92,59.45
20.96,86.19,13.11,1003.89,125.46
20.82,66.25,15.31,1004.96,95.97
30.85,51.05,15.11,996.85,65.87
28.77,83.49,17.06,1017.17,117.59
24.44,67.35,21.16,1011.29,101.46
37.04,58.87,26.73,1014.88,63.61
23.36,65.84,26.23,1003.01,94.82
38.12,70.33,18.32,1005.39,93.73
22.64,55.51,25.32,1014.56,79.43
21.12,93.81,23.49,1011.6,136.72
22.44,60.85,16.91,1013.08,78.91
24.37,70.86,9.54,1000.64,96.51
39.49,51.47,19.73,1007.45,47.3
30.41,70.05,13.0,1018.33,82.15
36.97,90.22,12.44,1006.32,117.78
36.11,88.56,10.83,1009.62,116.24
35.83,88.69,20.96,995.48,118.77
30.91,66.95,17.44,1003.8,92.7
37.9,67.91,9.21,1011.2,69.39
24.51,83.0,18.65,1007.17,109.9
36.87,56.66,26.29,1017.06,66.65
39.74,63.2,8.88,999.53,58.99
38.04,89.8,27.84,1008.91,113.36
21.33,57.19,24.94,996.16,87.74
20.2,59.29,21.87,1014.14,76.39
21.9,92.81,28.91,1002.87,133.44
29.75,56.07,19.99,1006.75,72.6
36.14,65.43,26.71,999.5,79.78
37.84,51.3,21.94,1000.62,61.36
37.39,92.24,5.36,1003.82,110.15
29.9,57.3,24.84,1010.43,75.41
32.55,85.55,14.19,1001.55,112.16
28.6,69.67,12.16,1011.57,94.54
30.12,94.31,22.27,1015.57,128.76
35.53,89.32,10.63,1003.56,114.15
22.64,81.68,18.17,1005.37,111.64
27.34,66.99,22.06,997.55,82.77
24.8,54.69,6.02,1019.61,55.82
32.13,77.9,14.35,1018.68,97.47
20.22,71.9,27.82,997.9,96.77
38.93,88.53,6.99,1016.33,110.01
24.72,57.73,13.99,1012.88,63.82
25.34,80.6,7.84,1008.15,98.56
34.13,83.15,29.45,1000.52,114.78
38.35,75.05,16.35,1004.49,84.76
27.08,79.94,7.24,1009.21,100.63
34.87,94.52,14.16,1001.32,117.63
32.67,79.28,20.98,1009.98,110.95
24.03,81.79,22.98,1013.03,105.49
28.52,75.57,27.48,1006.33,99.3
28.33,83.04,8.51,1003.94,103.31
36.16,81.73,14.98,1004.29,102.42
27.0,55.81,14.4,1007.03,60.09
39.06,92.68,29.92,1005.07,121.62
21.58,72.87,12.21,1018.46,89.62
24.51,57.97,25.34,1015.79,81.02
37.22,57.38,22.2,1012.91,60.15
39.83,78.08,15.9,1013.07,98.46
32.03,59.43,6.12,1010.98,71.25
31.87,78.97,16.74,1002.3,109.48
35.32,56.38,28.45,1010.22,77.38
30.5,50.26,19.1,1011.43,65.12
28.83,70.4,23.44,1004.23,98.23
22.55,92.41,10.35,1006.86,117.94
22.54,66.2,21.78,1005.03,88.79
39.8,78.03,16.66,997.65,96.14
28.29,82.78,23.33,1009.84,107.29
33.2,88.92,11.0,1009.91,110.47
33.32,53.32,24.02,1019.54,71.08
23.15,56.13,15.42,999.57,75.07
22.34,70.36,10.31,1008.33,94.01
20.89,84.95,8.09,1016.0,123.96
37.24,90.65,29.82,1009.26,125.71
34.43,71.37,7.76,1012.27,84.37
22.96,63.41,14.54,1017.23,87.26
30.17,91.05,27.98,1005.4,124.94
23.97,69.72,20.15,998.19,96.9
27.98,55.58,21.71,1010.97,69.3
39.74,56.77,26.42,1003.51,62.44
31.43,56.46,14.56,1007.81,63.47
36.04,75.24,6.11,996.58,79.33
38.62,81.85,13.3,996.02,103.78
26.37,67.78,17.43,1006.3,82.69
23.56,73.53,22.48,1007.75,110.96
33.03,54.05,15.21,1002.64,53.03
25.94,53.42,16.03,1009.48,65.36
35.72,77.08,10.7,1010.96,96.77
29.0,92.54,21.5,1018.65,133.91
39.82,68.77,5.82,1019.09,65.18
38.23,55.38,16.87,1000.73,70.36
29.05,80.27,25.84,1019.79,118.11
38.3,59.06,28.4,1006.27,73.19
28.83,89.57,24.93,1018.1,124.95
39.66,52.68,5.53,1018.48,42.75
21.99,52.59,12.48,995.14,76.86
35.75,60.6,24.24,1010.94,69.27
36.26,81.66,12.7,1012.6,104.94
39.45,54.27,7.02,1000.81,56.3
23.56,84.2,20.69,1013.29,115.25
27.37,90.17,17.97,1002.98,127.65
34.17,65.87,7.72,1010.52,82.45
21.71,65.89,7.64,998.31,92.97
30.33,50.46,12.22,1010.1,60.64
28.55,94.42,6.81,999.72,119.3
37.89,55.92,21.48,1000.18,70.72
29.11,86.01,22.65,999.59,115.84
20.4,56.64,13.67,1002.43,71.2
32.82,79.42,15.78,1004.98,96.62
23.73,87.35,19.73,1007.69,119.05
32.91,54.33,5.84,1017.15,64.85
31.35,87.29,23.35,1000.72,120.49
22.87,64.89,14.68,998.88,92.65
25.05,60.59,12.51,1002.03,85.98
21.52,71.4,16.88,1007.69,108.15
20.68,72.65,6.15,1005.21,100.42
24.53,62.39,10.85,1019.22,82.27
36.23,65.67,11.06,1003.58,83.67
22.18,66.68,25.17,999.59,97.36
33.4,69.05,28.62,1013.13,93.45
37.24,77.92,19.28,999.58,89.62
20.41,52.23,27.26,998.88,70.31
37.41,50.51,11.85,1013.82,45.08
38.42,55.11,21.26,1010.17,58.14
29.38,89.54,20.0,1016.64,117.42
31.25,65.67,12.31,1009.08,87.98
22.86,59.73,26.86,1013.0,82.51
21.59,92.83,12.35,1003.21,134.06
36.35,59.26,6.22,1014.28,71.38
38.29,92.71,12.07,1015.53,119.96
33.66,70.9,5.4,1004.37,77.86
34.27,58.47,15.38,1002.75,65.95
31.85,79.5,14.27,1011.23,99.7
31.9,78.53,28.62,1014.61,101.91
31.23,79.39,6.01,1016.89,102.61
39.73,52.58,5.22,1016.6,42.46
36.12,53.18,13.58,1009.33,52.51
35.8,72.94,26.21,1001.91,90.03
20.25,72.44,28.04,1002.9,115.64
30.92,84.26,24.35,1009.41,118.97
23.5,72.76,17.26,1009.53,108.94
23.99,92.8,25.3,1003.19,140.16
22.32,52.45,24.17,1018.79,74.76
23.18,91.77,25.94,998.65,126.01
32.39,83.37,16.98,1015.67,98.76
37.77,82.7,28.22,1014.76,111.35
26.01,94.96,23.02,1001.04,129.47
26.47,71.34,27.06,1000.35,97.47
36.79,55.48,5.49,1010.55,53.35
20.37,78.78,7.66,1011.27,109.36
30.35,63.43,26.57,1006.07,93.69
24.66,73.93,15.03,1017.63,96.14
38.78,93.98,7.99,996.74,109.44
20.87,50.86,16.54,1013.32,73.06
38.83,54.87,8.64,1016.84,62.73
23.43,64.57,6.94,1012.14,80.68
29.98,63.66,23.3,997.42,82.61
37.34,67.63,10.28,1016.46,69.42
27.54,88.83,11.41,1009.84,113.78
22.02,74.29,18.54,1001.9,112.21
39.61,90.35,25.55,1007.46,110.24
20.11,56.87,13.14,995.14,84.96
21.76,86.18,17.0,1012.35,122.54
22.97,54.26,10.61,1018.05,67.79
26.19,57.61,11.72,1003.44,63.26
36.58,68.22,20.57,995.48,74.18
21.78,86.68,24.16,1010.9,114.95
33.24,60.22,5.67,1017.41,72.15
36.24,64.83,29.76,1006.07,84.56
34.05,63.68,12.03,998.63,76.66
23.63,53.55,22.8,1005.72,63.35
28.26,66.45,28.64,996.55,84.65
34.05,81.03,19.08,1013.44,104.8
37.04,68.32,5.0,1019.47,80.88
34.68,89.7,13.48,1018.3,120.5
29.22,88.53,24.92,1016.8,115.91
39.37,63.31,23.69,1015.62,66.34
39.07,63.96,24.79,1001.49,76.87
34.32,77.13,8.38,1001.38,100.81
29.93,92.66,10.59,1001.03,128.99
37.4,66.47,27.57,1001.74,89.53
21.11,65.32,13.52,1001.55,90.19
39.92,60.82,18.78,1000.75,63.72
35.79,85.66,20.16,1008.37,107.83
26.48,64.22,13.87,1002.08,72.16
30.51,75.51,16.6,1010.71,103.26
38.53,92.84,10.37,995.89,104.6
31.45,79.91,5.58,1004.3,88.85
26.84,86.43,24.39,996.33,127.22
21.27,64.56,17.53,998.67,98.32
28.79,74.81,23.47,1018.11,108.35
30.93,54.23,9.92,999.67,60.77
39.75,63.05,29.21,1009.96,79.51
31.08,89.27,28.43,1016.47,118.76
39.47,60.98,11.4,1002.21,61.72
37.93,52.01,17.76,1007.72,60.11
39.77,69.52,29.84,995.82,89.36
23.29,93.29,18.11,1006.09,128.22
37.22,73.1,11.93,1016.36,82.47
26.37,59.9,20.67,1006.98,71.41
26.27,75.88,23.81,1005.19,108.19
33.92,87.62,26.3,995.51,119.96
38.76,64.6,12.95,1016.35,69.52
20.67,93.03,25.59,1015.46,136.96
24.98,62.99,8.74,997.08,88.49
34.44,67.85,23.22,995.46,78.36
28.28,88.99,9.02,1008.73,106.85
27.57,74.76,24.99,1006.66,95.53
21.58,80.0,10.03,1002.55,99.32
21.75,87.87,13.97,1017.2,123.26
23.26,86.57,8.9,1003.26,112.33
30.91,80.24,10.72,1006.25,91.68
25.51,65.54,5.74,1011.02,82.49
22.03,75.46,28.29,998.02,113.3
34.94,90.79,27.08,1004.84,113.71
21.74,62.82,21.0,1011.5,80.86
25.22,67.14,23.02,1002.67,95.58
29.92,71.5,25.54,996.34,96.33
30.02,50.85,5.67,1011.71,61.79
21.9,51.79,9.14,1014.48,58.17
36.7,92.55,20.28,1012.27,127.98
30.53,62.13,23.91,1005.08,81.81
26.82,54.35,19.38,1018.84,65.16
22.45,57.06,11.09,1003.78,78.3
27.54,89.14,15.76,1004.96,121.63
29.72,63.35,23.93,1016.47,90.47
32.67,56.59,29.19,1003.25,82.89
22.74,50.65,22.67,1015.21,72.96
21.49,66.14,13.95,1015.13,88.31
38.13,83.07,24.94,1018.17,103.25
26.48,94.58,19.97,996.13,129.74
28.56,84.66,23.48,1014.21,110.91
37.05,61.45,17.32,997.03,71.61
37.05,72.08,12.81,1003.57,94.82
24.78,59.62,8.7,1008.34,79.75
38.3,62.07,15.71,1004.22,79.33
20.79,54.42,23.13,1005.6,75.12
32.41,64.26,13.71,1009.47,72.29
31.38,57.95,11.04,1008.05,72.37
27.76,50.69,15.59,1000.13,64.13
36.25,91.66,22.93,1016.56,128.66
36.16,84.33,27.71,1006.26,117.84
35.85,87.4,21.79,997.33,107.64
22.82,55.07,14.14,999.91,79.35
32.51,80.19,19.64,1008.33,100.12
21.89,52.13,15.74,1014.34,77.93
30.45,62.79,19.66,998.48,70.75
26.11,81.67,22.03,1000.74,116.15
38.78,84.42,9.93,1018.29,92.01
27.5,85.46,24.82,998.97,122.2
29.02,84.7,9.87,1007.67,113.11
25.58,56.04,25.93,995.51,83.76
40.0,87.11,26.89,1004.1,121.43
37.6,84.59,29.68,1013.15,119.81
30.11,80.78,23.68,1012.76,103.35
23.94,88.96,25.26,1019.15,135.38
31.93,90.94,27.9,1006.9,115.77
22.49,50.59,22.62,998.88,71.26
39.42,79.52,22.79,1000.32,104.54
26.29,64.51,17.34,996.59,75.67
37.49,58.56,28.34,1002.82,65.31
39.11,68.45,26.49,1008.58,87.86
26.62,57.4,21.51,996.9,76.97
26.59,93.93,6.93,1013.9,119.44
34.43,56.23,6.43,1002.02,58.83
34.6,70.37,7.28,1011.87,91.36
26.76,58.43,19.45,1012.16,77.54
22.57,52.58,19.31,1000.43,68.78
20.21,77.42,26.11,997.16,112.56
30.21,68.83,17.18,1014.87,82.65
39.71,85.81,23.5,1014.18,104.54
39.56,52.0,27.14,1007.23,62.09
29.11,76.84,7.49,1001.54,88.09
29.95,51.67,21.51,1001.14,72.61
28.59,77.5,23.82,997.66,110.16
36.52,63.95,27.97,1002.29,84.14
35.9,63.61,24.85,1009.36,76.39
30.4,55.83,17.51,1001.75,71.75
25.12,70.79,29.75,1000.04,109.49
25.82,69.99,28.6,1004.55,103.31
38.66,57.71,20.89,1017.17,61.17
29.28,69.59,13.71,1013.9,83.51
37.88,78.08,29.93,996.18,108.27
20.57,59.91,5.0,997.72,73.09
25.7,94.09,7.13,1003.3,118.45
31.83,84.83,9.89,1002.4,99.9
24.64,74.12,8.6,995.77,101.14
28.87,51.37,11.88,1006.58,64.56
30.78,86.01,20.75,996.56,108.71
30.68,60.91,11.41,996.16,64.32
39.08,91.67,12.56,1006.73,116.62
33.3,54.21,25.2,1002.77,71.24
20.6,91.82,7.12,998.88,122.52
35.91,57.99,6.79,1011.35,59.76
36.28,54.81,23.73,1001.69,57.0
21.24,73.09,16.38,1002.79,91.9
32.45,64.03,11.02,996.38,82.28
31.45,58.68,10.26,1014.97,68.32
26.77,72.69,26.52,1000.36,100.15
28.82,94.34,19.22,999.3,125.2
36.63,55.97,24.43,1004.23,75.06
29.45,83.87,27.05,1012.1,110.46
26.29,61.9,12.95,1017.07,72.57
37.71,86.44,13.74,1014.19,109.88
35.24,69.77,7.27,1018.78,84.34
38.58,73.61,17.9,1017.3,79.07
37.77,62.83,18.94,1013.01,63.61
38.63,82.24,13.62,1007.98,104.55
36.5,69.05,18.08,1017.48,80.3
35.89,58.72,25.57,1016.64,65.8
24.59,85.85,18.29,1008.74,115.92
21.01,91.48,28.17,1016.44,124.66
24.57,94.03,18.34,1002.23,139.26
20.1,78.01,24.25,1019.32,117.91
23.62,77.73,23.81,1004.82,103.5
31.56,51.85,6.26,1019.06,61.75
39.31,53.4,6.35,1014.27,48.97
34.95,59.02,24.64,997.72,77.28
24.56,57.1,6.0,998.83,72.84
39.62,86.39,16.99,1008.04,99.61
31.15,85.0,20.51,1004.01,119.87
28.71,51.74,14.96,995.4,60.8
25.02,64.29,16.49,995.73,86.29
34.54,79.69,14.68,1004.05,103.85
28.53,92.09,10.14,999.53,123.44
26.73,51.97,22.77,1008.5,73.05
35.84,87.84,26.16,1018.37,123.39
29.34,76.42,22.56,1018.03,95.66
26.16,64.89,17.04,995.57,75.57
37.37,89.91,19.64,997.72,109.31
30.16,77.32,7.93,1016.69,99.01
25.22,66.68,18.17,1016.42,98.58
32.01,76.12,24.79,999.42,110.13
38.59,69.76,9.19,1012.09,87.04
33.72,57.29,24.72,1003.12,67.12
31.35,80.8,20.06,1010.81,116.11
24.58,94.41,19.12,1017.62,130.85
36.53,92.18,11.57,1012.74,115.15
36.08,60.17,21.78,1019.52,67.2
20.2,72.07,22.25,1015.02,93.74
22.35,62.43,28.31,1013.9,89.63
20.14,62.2,9.02,1006.34,88.53
36.36,73.65,26.02,995.88,100.55
39.96,70.3,29.49,1007.71,97.34
32.93,54.31,28.79,1007.96,65.45
34.71,52.49,28.31,1013.34,73.59
32.25,94.5,25.19,1000.58,130.52
33.12,84.88,23.23,1007.97,105.48
23.21,70.76,9.57,1013.9,94.0
36.62,60.95,8.85,996.26,70.09
21.79,71.14,25.9,1013.82,108.24
22.47,76.04,23.23,1012.78,103.19
24.33,76.69,19.56,1012.62,115.28
23.36,67.7,13.05,1007.58,90.32
24.2,86.79,25.45,1018.84,122.62
33.17,77.45,7.64,995.97,94.21
34.32,86.59,29.81,1003.06,117.6
24.7,92.27,5.59,1004.18,117.92
36.76,60.32,7.16,1011.16,66.41
37.82,78.11,12.66,1006.55,90.23
30.77,75.61,14.66,1010.53,91.41
37.3,61.5,11.39,999.45,60.29
28.95,71.85,17.87,1019.63,95.11
35.15,89.55,25.53,1017.58,118.31
28.85,70.71,10.98,1015.88,93.62
25.0,69.71,17.62,995.18,98.72
38.66,76.84,23.75,1001.56,92.03
25.27,50.35,23.67,1001.63,75.66
31.55,71.48,9.94,997.65,78.8
39.71,72.87,25.63,1016.03,95.46
33.17,87.47,29.13,1005.46,112.19
27.77,77.27,17.2,1017.64,110.48
27.96,54.33,16.53,1019.96,75.06
29.31,89.41,29.63,1006.22,134.12
31.63,85.36,8.27,1012.08,97.59
25.06,70.12,9.59,997.45,97.07
37.61,84.73,12.93,1017.78,108.92
26.0,50.34,18.59,1004.65,68.85
26.69,84.99,13.1,1019.6,110.83
26.2,68.81,18.85,1015.74,95.87
21.44,70.16,24.07,995.29,102.16
33.23,92.04,21.97,998.84,128.54
24.89,91.01,12.52,1007.34,127.5
36.24,60.54,15.16,1003.97,77.39
21.54,73.31,15.39,1004.89,94.53
31.48,87.12,27.13,1004.37,124.3
27.83,58.57,23.87,1001.89,84.89
27.57,78.04,9.12,1013.08,91.22
27.98,68.47,27.82,996.12,94.58
27.03,72.75,15.84,995.9,104.21
26.42,67.27,12.94,1007.47,83.94
36.86,56.64,24.44,997.51,59.92
39.5,56.59,11.19,1007.48,66.3
28.65,79.76,25.46,998.79,103.08
35.98,68.02,18.0,1018.13,85.87
33.63,83.06,5.52,1017.48,110.16
35.95,52.67,20.62,998.28,53.33
29.95,51.69,24.75,1019.63,68.72
32.51,74.1,7.58,996.06,92.13
23.97,55.67,23.64,1017.27,67.57
30.48,85.09,20.71,1003.46,117.61
38.53,88.06,6.74,997.69,102.59
28.49,57.95,26.55,1004.73,87.09
28.08,62.05,18.41,1006.34,83.65
24.1,74.61,19.54,1010.34,102.05
39.3,77.26,9.67,995.19,84.77
20.68,89.55,6.93,1019.12,118.19
32.65,92.05,25.61,999.68,127.05
34.19,93.32,23.08,1019.15,132.42
22.61,90.56,22.19,1007.84,119.41
27.7,50.48,21.31,1019.86,64.51
21.13,76.33,14.99,1014.02,98.82
29.95,82.45,17.61,1019.55,102.71
25.02,75.07,20.38,1013.57,111.36
34.99,57.73,27.99,1007.0,77.84
31.8,51.93,21.72,1010.64,63.63
34.58,52.07,20.82,996.32,68.14
25.11,59.44,20.52,1007.16,78.07
34.63,72.96,17.6,1011.41,81.93
38.43,72.2,15.02,1014.96,84.82
31.06,60.56,23.18,1014.78,76.76
29.42,63.09,25.24,999.49,86.91
21.14,59.5,18.98,1005.18,83.08
23.46,82.04,7.7,1019.77,117.56
32.82,62.61,5.12,1002.72,62.91
29.15,85.77,21.29,1009.68,108.66
30.82,53.17,11.53,1011.54,55.64
33.77,86.72,24.93,1004.8,111.86
24.81,76.43,12.46,996.21,106.6
33.73,69.41,11.28,1017.38,81.37
28.57,74.95,22.52,1004.64,104.05
35.51,55.41,14.83,1007.62,66.29
37.34,72.04,10.48,995.73,74.74
21.59,58.56,10.44,1000.41,65.94
23.67,67.35,25.89,1004.47,88.29
33.54,62.18,21.63,1005.45,82.25
33.98,50.29,8.46,1001.82,43.22
24.82,59.03,12.24,1000.32,71.58
33.94,85.09,12.2,1002.08,105.0
39.0,73.34,5.63,1013.3,76.0
33.05,89.97,14.31,995.55,108.55
25.16,89.81,15.83,1003.73,127.59
26.89,54.13,12.89,1019.47,70.85
34.1,66.72,8.14,1000.2,68.93
34.93,59.18,16.18,1002.17,72.78
21.45,64.66,22.55,1004.01,88.63
21.5,94.36,16.83,998.82,133.29
38.4,56.9,6.16,1003.83,49.46
26.19,72.58,14.58,1002.11,94.86
38.98,86.46,24.78,1003.85,104.83
22.33,54.09,26.74,998.42,72.67
20.14,94.63,16.63,1019.14,133.34
22.98,55.44,27.64,1018.64,82.62
28.91,89.63,24.73,1010.14,117.25
21.61,55.12,17.44,1017.49,76.74
26.43,61.4,19.68,1008.46,79.44
37.63,61.12,18.65,997.46,62.45
38.53,84.79,13.94,1012.69,102.45
28.91,54.19,8.6,1003.54,57.71
22.34,91.33,16.34,1007.5,130.07
20.73,91.96,13.61,1009.82,124.45
29.91,50.2,10.32,1016.66,51.26
26.0,69.19,17.8,1012.56,100.61
39.49,83.45,22.92,996.32,106.13
30.72,68.45,25.53,1013.43,99.63
20.12,93.06,9.89,1017.48,124.54
24.28,51.11,10.69,998.65,53.0
25.99,62.35,9.79,1009.16,79.03
27.37,75.07,22.34,1008.41,107.38
36.33,75.0,27.01,999.37,91.08
37.72,57.41,8.53,1006.11,66.54
25.73,94.87,21.17,1013.04,130.36
37.59,56.19,29.46,1006.77,73.5
20.71,84.13,22.7,998.38,124.28
31.76,50.35,26.71,998.45,63.37
36.83,56.65,22.19,1001.61,63.19
26.74,59.04,22.14,1011.4,69.56
39.02,79.91,6.58,997.16,94.75
38.17,53.6,27.18,995.07,56.0
30.35,50.46,28.12,1009.91,75.3
27.01,71.63,5.74,1001.28,86.06
27.42,64.1,9.28,1008.14,86.71
26.61,81.79,14.22,1016.83,115.22
30.97,86.9,5.11,995.22,115.47
24.65,73.67,22.77,1014.97,93.7
35.8,60.2,21.86,1013.22,73.12
25.59,70.93,15.8,1004.36,103.54
38.19,73.97,18.13,1002.76,96.45
34.26,78.21,23.24,1013.34,93.39
24.1,85.58,21.94,995.33,113.51
22.8,74.1,24.22,1015.0,101.98
23.66,81.48,21.35,996.28,116.44
24.56,92.88,9.89,1007.27,120.11
34.56,79.66,12.63,999.93,92.73
37.22,83.78,29.63,1018.84,118.62
35.67,77.61,28.66,1015.0,100.86
24.73,72.55,24.63,1013.81,98.6
25.07,93.27,16.64,999.99,125.83
20.29,80.51,8.43,1011.92,105.64
23.16,61.33,10.14,1011.74,80.73
21.41,62.27,24.17,1017.47,82.58
20.95,87.22,29.84,998.43,136.42
22.07,76.47,11.69,1004.75,108.09
22.26,57.65,14.08,1008.32,72.34
34.16,85.59,6.32,1010.55,107.23
34.72,67.18,9.52,995.08,76.37
27.52,80.26,10.99,1011.5,97.91
28.72,54.57,23.5,1004.69,67.79
31.07,57.21,23.78,1001.69,79.53
23.41,60.54,23.04,1011.99,88.84
32.63,73.83,17.57,1018.1,102.0
29.23,61.87,17.55,1014.55,75.55
29.33,75.27,13.84,1000.01,97.61
32.06,62.82,26.99,1006.8,88.05
30.35,90.03,26.73,1012.47,124.31
30.86,72.62,17.09,997.2,87.21
29.11,52.76,13.57,1014.59,70.07
31.59,91.23,17.78,1003.4,119.79
24.77,68.14,22.1,1001.69,93.49
22.66,88.74,19.54,1014.04,125.26
36.34,89.95,5.15,999.87,110.59
37.21,87.09,8.2,1013.93,109.28
30.85,91.88,26.1,1005.08,134.07
22.55,93.4,15.39,1010.88,136.34
26.45,51.49,19.71,1006.91,57.5
34.34,75.39,27.81,1001.06,103.82
35.1,69.86,18.75,1002.84,90.63
24.46,84.85,20.03,1009.06,115.54
31.02,94.91,18.11,1016.91,116.85
30.89,82.69,29.86,1016.8,112.66
30.48,81.44,23.44,1019.66,116.8
34.03,55.1,10.17,1003.15,54.48
27.71,90.34,19.11,1002.12,128.7
37.42,73.61,19.93,1008.87,93.0
33.72,73.86,17.49,1011.79,90.33
32.77,76.36,21.86,1012.5,101.76
28.09,63.83,26.67,1010.88,96.38
27.27,66.69,17.27,1009.63,87.64
36.13,77.48,28.07,1005.52,99.38
34.74,78.75,20.88,995.72,106.45
38.73,62.48,20.24,998.04,68.39
21.02,65.76,6.82,1018.88,92.84
25.51,82.51,10.71,996.78,107.98
33.56,62.48,22.97,1005.15,84.16
22.23,61.88,11.32,1005.47,86.26
34.38,78.15,6.13,1000.95,88.69
38.96,59.35,28.58,1017.76,67.81
21.92,61.92,19.57,999.88,91.68
38.42,69.08,10.88,1011.88,73.79
35.09,87.88,17.35,1010.42,111.78
39.13,71.07,11.89,1015.3,72.15
30.62,87.43,7.66,1001.47,115.97
20.68,59.76,21.6,1007.42,77.68
27.7,70.02,17.62,1006.91,100.95
39.79,61.36,7.41,1018.68,65.0
24.04,74.19,12.88,1010.04,106.9
34.41,82.06,23.69,996.34,106.49
37.07,61.34,19.72,1014.08,67.73
31.63,52.76,18.0,1014.31,56.79
38.29,68.93,12.12,1002.43,88.19
32.76,91.37,23.98,997.46,122.22
28.44,74.68,16.12,1013.57,94.13
27.81,54.73,29.64,1011.54,73.32
36.57,56.33,7.77,1013.6,64.85
39.9,83.32,16.24,1011.09,106.62
26.12,73.49,5.37,1000.84,84.79
34.03,90.43,24.98,1011.59,114.4
25.01,84.47,26.73,997.8,121.2
33.3,71.26,5.67,995.1,74.78
20.6,55.24,29.75,1001.22,71.68
33.21,52.02,5.16,1009.34,46.05
24.6,67.71,10.88,1006.77,91.17
32.57,51.14,17.78,1016.03,68.59
30.58,89.02,11.83,1015.13,108.08
28.38,70.25,7.72,1017.95,95.51
28.17,91.66,18.74,1007.76,122.2
27.41,59.43,7.08,996.36,66.63
27.31,92.08,18.61,995.04,115.65
38.46,70.2,17.45,1002.23,74.07
24.85,62.02,17.94,1012.15,85.41
28.46,73.86,19.76,1007.13,89.53
21.94,71.74,21.44,1018.87,103.12
37.84,93.29,27.65,1001.49,118.87
37.99,80.36,22.37,1003.97,106.82
26.55,55.78,27.6,1009.1,78.41
33.82,87.96,26.38,1012.27,116.29
38.34,68.34,7.92,1007.22,85.75
37.47,79.36,17.65,1010.35,105.63
38.52,67.68,17.68,1014.4,75.81
33.55,61.81,26.4,1012.86,82.84
37.25,54.93,15.35,1017.08,62.37
28.97,56.02,10.46,1015.23,65.65
26.07,93.55,16.23,1002.38,133.12
35.66,74.13,14.67,1003.74,98.64
32.1,79.23,23.53,1006.39,100.58
33.57,84.52,7.23,1011.29,105.16
26.6,56.41,19.72,1007.43,77.32
24.62,91.77,27.8,995.98,132.89
26.33,79.46,25.25,1000.23,116.1
38.61,90.62,20.62,998.31,105.53
29.8,55.18,19.23,1005.93,69.94
36.55,74.81,9.16,1005.26,80.05
36.55,51.07,14.52,1018.89,47.95
32.46,50.63,6.6,1010.49,57.62
30.44,91.43,17.04,1004.03,123.56
20.42,83.71,26.33,1009.07,119.35
27.76,78.06,9.27,1002.9,90.9
32.36,71.62,28.35,1007.49,89.24
33.55,51.75,25.16,996.21,72.88
29.96,64.87,15.0,1002.22,89.06
29.07,57.4,11.84,1014.99,59.98
22.93,86.67,23.87,1002.06,117.06
23.58,80.83,22.61,1015.43,116.5
28.13,66.75,9.2,1018.74,79.33
35.18,69.07,16.1,1014.06,77.36
33.38,57.46,28.65,1002.54,76.62
20.47,78.3,15.17,1008.32,112.23
37.23,55.56,13.66,1007.3,67.42
23.18,56.03,26.15,1015.43,87.49
39.56,52.16,19.63,995.42,50.09
39.55,53.76,9.47,1016.15,53.7
30.14,88.72,28.09,1004.15,118.58
32.24,67.36,6.04,1003.34,81.86
25.39,86.79,20.65,1009.19,118.94
38.46,65.09,14.53,1016.26,79.51
21.52,71.23,23.53,1012.41,110.92
36.29,58.62,12.36,997.82,57.33
34.42,76.04,15.75,1004.26,90.83
24.01,84.53,24.87,1018.98,128.47
34.72,79.32,20.15,998.89,99.85
35.79,85.42,16.67,998.47,113.91
36.88,64.48,12.06,1012.15,68.8
30.0,94.48,6.7,1008.63,116.55
26.46,72.44,15.23,1000.37,90.96
31.09,87.83,11.43,1007.99,122.44
33.93,65.57,23.69,1004.32,77.42
23.36,74.3,18.54,1008.76,105.69
21.06,86.66,23.45,1017.53,117.02
39.05,50.19,9.72,1003.14,44.18
33.05,64.23,27.38,1006.79,80.36
31.1,59.53,24.01,997.28,73.1
28.09,69.42,16.78,1005.71,91.84
28.06,69.58,13.56,1011.02,81.19
28.16,53.22,17.51,996.53,72.6
30.88,80.47,22.51,1019.65,115.56
21.29,84.76,17.81,1012.31,111.74
21.59,88.48,23.31,1012.93,135.05
25.58,86.15,28.32,1019.8,122.81
24.96,94.12,23.59,1006.45,137.9
35.1,78.6,11.88,1019.51,95.6
37.17,94.5,16.16,1000.37,124.96
27.68,72.46,27.35,1010.95,98.68
35.04,73.92,15.95,1001.65,84.29
35.44,87.04,7.26,996.83,96.87
32.04,68.3,12.9,997.87,75.33
26.13,81.19,8.45,997.92,109.8
21.27,88.15,21.82,1009.55,132.83
28.02,78.85,16.91,1002.34,111.75
32.25,65.38,16.46,1000.66,76.52
29.21,92.5,18.29,1017.66,120.2
27.17,73.8,15.07,999.78,87.89
39.31,82.09,20.91,1006.53,92.31
27.14,54.47,6.72,1016.02,70.66
21.44,62.58,22.58,1010.89,91.02
36.87,83.14,23.16,1005.14,114.78
25.48,74.82,23.95,1007.39,113.52
29.41,60.91,25.68,1009.43,73.74
36.53,75.92,12.28,1007.11,93.76
34.29,52.71,7.15,1018.75,61.1
39.36,85.18,14.39,999.72,95.09
30.72,54.26,19.16,996.93,62.23
33.25,73.18,8.14,1018.52,79.35
20.66,51.63,21.77,997.08,79.94
22.38,84.97,28.4,1008.55,130.11
38.66,59.14,18.06,1005.97,68.68
30.37,82.66,29.9,1009.21,121.19
29.43,60.17,18.05,1008.46,73.52
33.41,76.17,23.21,1010.64,108.53
32.15,69.0,13.75,998.14,82.86
37.78,67.46,5.13,1002.29,80.79
30.48,75.46,18.3,999.35,105.66
23.46,50.64,13.21,998.52,56.72
29.66,86.05,6.89,1006.58,111.19
38.83,77.27,23.55,1013.26,105.79
28.57,67.54,17.47,998.81,95.9
23.95,85.46,17.0,1017.48,120.56
24.97,51.57,15.44,1004.21,70.18
26.02,76.51,8.85,1017.77,97.45
28.32,66.87,20.6,1019.62,82.54
25.94,81.26,14.31,1019.68,102.56
28.47,86.45,13.01,1007.42,121.72
21.3,66.84,29.23,1009.42,101.71
25.42,91.68,9.95,1011.81,131.0
32.24,93.49,11.22,1010.37,119.77
23.5,63.86,11.67,996.56,80.38
25.13,61.18,8.79,1000.2,77.03
32.44,92.99,9.25,1008.76,118.79
34.76,61.29,20.74,1013.27,75.91
27.73,93.08,8.19,1005.48,125.16
37.53,75.49,11.68,1003.47,86.35
24.76,68.99,13.38,1018.9,80.64
35.8,53.62,25.02,1010.57,59.68
26.46,82.58,26.18,1000.45,122.42
39.35,53.93,13.92,1018.45,58.46
38.49,57.92,21.8,1010.29,71.24
35.27,76.65,15.63,1019.89,103.05
38.71,58.76,7.89,1003.54,57.27
22.94,81.33,23.95,1005.47,118.85
38.18,58.51,15.49,995.01,72.0
28.51,89.36,6.41,1002.44,115.94
20.13,50.72,11.48,1003.86,66.62
23.6,89.55,9.0,995.7,124.48
26.57,84.01,5.48,1009.82,112.09
25.51,89.53,11.95,1015.45,115.12
38.11,62.29,24.48,999.09,70.75
35.45,66.1,18.54,1017.52,83.58
36.71,89.17,9.01,1011.61,110.51
23.37,53.74,14.08,1009.31,76.76
23.81,68.66,15.74,1002.5,86.37
33.01,93.6,28.63,1007.43,118.38
27.18,67.44,29.18,1008.36,91.27
20.73,84.52,24.69,997.13,127.0
24.54,94.16,22.95,1017.87,133.18
34.72,74.03,19.22,1009.1,97.96
23.55,78.8,21.31,1000.85,103.66
23.34,56.73,24.06,998.49,74.71
37.23,55.52,12.66,1014.16,51.06
21.86,84.71,24.72,1016.24,129.79
23.45,65.49,12.79,1010.05,84.95
21.95,80.1,11.1,1005.67,118.13
32.13,67.82,15.92,1001.19,85.28
30.78,71.87,17.18,998.52,98.0
25.78,75.7,11.03,1012.27,106.92
29.41,50.55,8.04,1013.94,50.1
20.82,90.62,24.82,1007.74,135.77
22.24,92.77,7.63,1012.68,129.1
32.17,66.96,21.82,1004.52,94.48
32.4,94.17,6.71,1004.82,108.79
20.89,87.74,24.61,999.43,133.76
29.51,76.59,10.61,1014.36,100.61
38.76,52.6,15.16,1018.87,52.17
22.18,60.2,19.54,1016.65,80.97
35.66,92.83,21.76,1010.35,115.93
26.17,65.6,16.31,1010.56,91.46
33.06,91.35,18.32,1017.65,122.9
22.87,78.72,9.14,1004.68,105.58
32.24,76.06,26.74,1002.52,95.44
20.77,92.48,17.74,1001.79,139.65
24.69,80.35,14.57,1015.16,98.93
39.26,61.62,29.57,996.05,66.47
37.82,87.78,7.99,1017.03,114.61
31.47,65.73,17.81,1016.88,76.47
21.12,63.22,14.79,1017.77,92.27
39.66,73.33,19.78,1011.06,90.64
37.24,52.72,18.68,1000.73,68.27
39.62,72.59,22.42,1017.15,85.14
21.91,82.34,19.32,1011.82,123.51
34.67,64.76,17.98,996.4,73.36
38.49,86.75,29.48,998.42,116.56
28.75,91.24,22.49,998.88,115.19
21.15,85.68,18.97,1009.39,111.63
23.92,91.56,11.11,1012.19,114.12
35.41,59.55,8.49,1004.86,58.3
20.65,61.02,16.03,1000.75,75.65
20.01,76.1,26.33,1005.04,108.82
32.3,72.46,9.59,1008.38,96.05
32.67,70.18,6.71,1018.21,82.99
22.39,79.81,15.41,1018.83,114.78
37.28,79.75,9.22,1015.95,91.96
36.02,51.64,25.29,1003.27,67.28
25.23,65.16,5.35,1004.1,82.22
34.76,65.56,21.69,1012.06,91.02
22.39,51.53,10.09,1018.72,56.75
34.38,81.84,13.83,1015.41,97.44
28.99,80.85,8.12,1015.3,109.11
22.56,56.14,25.12,1018.1,80.83
33.15,67.73,7.38,998.42,88.62
38.74,93.42,29.17,1015.79,118.71
31.27,55.78,27.6,1003.45,78.41
33.69,73.1,25.18,1001.03,100.07
32.15,57.78,27.9,1009.78,78.36
22.2,70.65,21.94,1004.07,106.35
27.51,82.42,10.71,1005.57,112.53
28.08,74.36,5.16,1018.44,87.82
21.39,58.27,14.58,1016.71,69.04
35.84,76.03,27.25,998.46,92.11
25.03,66.31,18.68,1013.15,82.19
23.87,80.83,25.68,1014.17,118.01
26.54,77.77,11.99,998.28,107.56
39.7,83.6,20.64,1015.52,113.02
26.63,80.59,15.47,1010.03,110.15
22.99,54.88,17.64,1009.38,72.81
31.49,60.37,12.53,1019.24,62.16
35.4,63.91,16.38,1005.42,83.34
23.51,50.26,16.91,1003.59,61.5
25.62,71.59,15.87,1013.85,98.65
38.54,71.92,22.72,1001.52,81.6
28.46,75.06,6.17,1002.97,83.71
21.15,55.3,9.32,1006.67,68.4
26.43,73.31,14.01,1003.33,93.8
32.07,89.76,12.12,1011.14,116.16
32.7,83.45,16.91,1006.84,110.82
34.89,53.54,22.05,996.9,54.13
35.99,73.5,22.42,1011.49,95.67
32.09,51.9,23.1,1007.12,62.91
27.99,57.19,10.32,1010.42,65.69
22.01,70.73,23.71,1008.52,95.93
39.24,79.92,14.62,1006.02,95.12
31.35,79.86,7.32,1012.96,96.06
30.43,50.64,8.1,996.96,52.29
38.79,73.1,17.73,1009.95,93.45
31.0,77.14,18.37,1016.99,98.3
33.9,59.29,14.75,1014.27,61.34
23.95,80.21,10.99,1000.52,105.72
37.92,56.8,8.52,1005.77,61.2
37.37,77.81,15.24,1006.17,91.5
20.82,56.97,23.42,1013.63,72.23
39.68,56.58,25.41,1019.26,69.3
26.3,90.42,17.61,1009.55,120.11
25.23,88.49,23.09,1010.87,118.44
23.1,72.39,25.09,1011.3,108.95
26.17,79.22,20.39,1019.32,102.81
25.36,69.14,17.54,999.53,89.79
32.58,84.56,27.8,1013.76,114.29
24.59,93.22,9.94,1001.76,122.46
21.06,83.09,19.98,1008.83,108.1
22.48,82.76,23.05,996.14,111.4
36.34,84.55,6.46,1016.76,101.83
39.6,53.82,25.42,996.74,64.04
39.41,71.19,11.38,1010.45,79.88
23.36,81.97,5.29,1009.74,111.37
24.78,52.52,6.68,997.42,64.54
38.91,73.36,5.89,1010.73,86.43
33.68,59.58,9.08,999.63,72.55
23.08,72.16,8.84,1000.2,103.78
39.75,56.1,18.25,1012.28,53.02
33.68,70.04,6.19,1011.37,77.97
28.62,84.67,10.41,1019.26,106.37
34.61,80.33,29.62,997.06,109.21
24.77,70.72,29.64,1007.15,93.14
39.03,87.1,25.51,1005.73,116.24
25.18,92.38,12.76,1010.49,116.14
39.76,77.29,27.88,1004.4,104.59
26.33,53.85,9.64,1019.18,56.17
38.62,80.34,26.69,1018.91,97.77
22.91,60.31,17.99,997.59,71.82
21.57,79.59,23.81,995.87,107.42
32.61,50.54,17.92,1013.27,48.92
22.51,57.59,27.24,997.94,72.45
28.17,90.47,19.72,1009.19,124.55
29.91,55.72,13.98,1016.72,57.1
27.37,89.42,15.34,1007.41,113.55
24.7,66.61,12.27,1006.19,85.88
25.26,77.27,22.11,1015.39,104.31
23.81,92.86,27.86,1008.21,126.51
29.14,87.6,22.14,1000.37,112.77
32.06,67.1,26.4,1011.55,84.42
20.83,50.83,20.15,1013.46,65.79
38.41,76.94,29.44,1002.9,103.45
37.32,81.95,21.64,1014.56,100.66
29.54,64.03,11.96,1014.7,80.65
33.62,56.4,28.98,1019.9,77.27
39.54,64.7,6.08,1015.12,74.66
24.54,71.44,28.67,998.23,102.47
33.86,78.99,12.32,1018.74,100.08
37.25,80.75,28.84,998.29,102.11
30.31,91.41,29.78,996.69,125.17
25.33,78.92,22.44,1006.04,107.01
21.38,57.84,7.36,1017.65,66.75
31.74,69.46,24.8,1016.66,84.6
39.32,57.7,21.44,1005.21,63.69
29.07,75.94,19.82,1009.84,97.24
29.28,94.48,14.02,1011.43,124.51
21.7,83.8,10.13,1013.69,109.35
34.79,92.19,27.81,1005.46,120.53
25.05,76.84,6.76,997.76,92.05
38.68,84.16,21.5,1009.27,108.82
22.88,75.79,24.99,1018.75,99.42
32.32,74.34,21.48,1000.61,102.12
39.01,87.02,9.3,1001.78,98.89
37.54,66.21,13.52,1014.44,77.0
26.57,54.42,8.92,1016.28,60.0
23.88,72.83,7.84,1004.84,89.24
39.32,84.86,20.08,1016.91,115.86
29.13,52.74,23.52,1004.99,74.15
38.16,64.68,24.13,1005.53,70.18
24.93,63.69,24.08,997.55,90.57
37.32,82.9,12.33,1005.04,103.35
24.2,69.12,6.39,998.99,87.68
27.87,67.56,22.28,999.26,86.15
31.24,65.41,23.22,1019.85,87.75
22.85,93.42,27.25,998.49,144.97
36.73,60.46,24.3,999.42,76.28
26.5,67.58,7.33,1011.41,81.19
27.55,93.06,19.94,1008.15,120.63
39.26,78.15,22.22,1018.97,97.19
30.43,62.26,17.38,1013.55,70.86
25.68,73.02,12.58,1013.46,92.78
28.89,57.31,20.54,1012.7,79.42
25.79,52.39,27.39,1001.86,69.65
25.05,55.21,5.73,1013.29,75.53
28.33,92.29,21.25,999.89,122.29
36.58,84.75,28.48,1012.48,107.64
29.52,63.9,11.22,1018.63,70.73
21.72,59.33,9.63,1009.93,78.95
22.07,55.01,10.13,997.33,78.34
34.64,89.68,15.95,1007.66,112.23
23.05,84.09,19.5,1002.31,123.03
39.78,64.85,22.71,1019.7,79.6
37.95,90.59,19.12,999.44,117.77
31.33,64.85,16.9,1004.4,82.59
20.29,93.64,11.51,1008.5,138.71
39.96,66.24,26.14,1018.37,86.75
34.17,65.38,9.63,1003.66,65.57
25.21,52.57,22.85,1003.26,77.22
38.68,72.55,19.62,1002.2,97.51
25.88,58.4,9.03,1016.57,70.23
31.27,56.2,9.03,1011.05,73.1
39.55,51.12,14.46,1013.1,54.76
24.34,57.1,21.34,1005.05,80.07
37.45,69.47,7.19,1006.72,87.33
39.26,76.45,17.12,1002.8,91.88
24.16,56.92,12.26,1001.13,81.88
22.35,86.35,27.65,999.27,132.08
33.95,91.2,29.57,1016.31,118.19
35.93,63.52,5.2,1014.58,75.78
23.05,54.56,11.19,1010.98,69.86
34.02,79.76,26.27,1017.19,106.05
30.48,67.86,24.12,1019.69,82.84
29.49,62.31,18.62,1014.42,87.25
34.22,91.16,6.61,1018.08,106.23
37.57,69.53,7.98,1000.24,85.21
20.81,64.25,7.15,996.3,85.56
25.52,62.07,25.66,1009.41,76.3
34.41,66.99,13.22,1014.72,79.33
30.16,85.24,17.77,1006.27,114.98
25.4,62.58,9.47,1005.61,68.82
39.19,59.68,21.29,1005.27,61.79
28.67,63.26,12.75,1008.69,74.79
38.62,87.74,21.41,1011.25,111.63
33.14,82.3,6.86,1000.53,98.05
35.18,92.33,6.4,1019.25,111.64
35.86,87.01,19.55,1012.28,105.83
35.07,57.95,17.33,1016.61,74.33
22.07,79.04,19.02,1001.63,108.77
32.18,88.27,10.79,997.31,119.22
37.4,66.23,23.11,1016.74,80.07
21.29,60.31,20.4,1011.22,79.69
24.23,87.05,24.82,1006.3,130.91
34.83,94.77,6.08,1000.78,126.9
27.83,84.97,26.73,1006.34,117.98
28.24,72.2,17.63,1002.76,85.86
33.45,87.86,19.63,1001.54,121.94
34.93,57.26,22.48,1000.68,62.99
20.39,81.78,7.54,1010.46,118.7
38.98,55.31,13.2,1013.97,48.8
39.28,63.87,10.0,1016.15,73.7
29.04,52.09,6.21,1013.28,50.5
20.05,69.2,29.79,1014.73,104.09
31.23,55.22,27.73,1008.56,69.62
34.45,94.62,14.36,1017.18,118.03
28.2,84.28,17.35,1006.14,104.57
39.63,74.02,23.62,1000.74,84.9
27.32,69.14,11.03,1008.28,83.65
22.99,64.66,6.24,1019.63,78.23
31.32,71.34,23.96,1018.67,102.9
24.54,77.56,14.31,1005.75,111.96
39.19,79.14,10.61,1015.17,89.36
30.57,62.31,25.59,1011.14,75.02
32.31,74.43,24.2,997.35,97.57
29.22,59.41,8.77,1006.78,60.52
24.29,66.06,13.55,1015.31,90.2
34.18,87.68,21.57,1005.67,119.94
30.85,58.9,14.21,1004.65,70.17
28.92,91.22,28.94,1018.31,130.88
37.24,72.84,17.58,1014.54,87.76
39.42,66.94,28.41,996.43,92.57
29.75,51.26,14.79,997.32,61.87
37.89,83.62,24.0,1010.94,104.99
29.82,88.58,6.39,1015.32,104.38
26.02,61.11,26.67,1004.66,75.31
33.33,60.84,28.7,1004.84,80.21
30.93,52.57,24.14,1013.9,64.04
35.35,78.85,19.63,1001.66,102.7
26.21,74.28,13.88,1004.97,89.49
29.28,53.18,19.69,998.11,63.04
25.59,81.42,5.93,997.24,111.42
34.2,55.06,13.07,1015.15,67.47
28.39,81.88,29.19,1009.18,110.16
37.9,92.55,26.45,1019.02,130.74
33.88,51.86,28.99,1001.06,71.78
20.7,76.27,7.97,1004.44,97.44
23.54,75.58,27.25,1010.92,99.26
34.03,78.71,8.7,1016.35,99.73
29.45,77.93,19.22,1008.74,106.93
23.64,82.77,17.74,1005.73,122.68
33.73,75.03,15.4,1001.43,101.82
21.27,65.23,24.71,1018.3,98.69
21.56,73.69,10.24,1005.93,107.63
35.6,89.37,13.4,1002.69,115.02
38.48,57.08,12.62,1006.62,65.96
21.49,52.23,22.08,995.83,73.51
23.59,55.87,20.6,1013.84,68.79
21.27,92.78,10.95,1005.83,134.09
33.17,54.17,9.54,999.58,65.46
23.07,50.13,27.5,1014.57,68.49
22.43,90.7,24.66,1005.81,133.59
27.35,79.04,19.3,997.04,106.91
35.65,77.19,22.94,999.15,102.16
39.54,84.17,8.53,999.14,93.37
29.32,92.01,15.31,1014.93,128.93
27.89,78.75,12.71,1003.58,108.55
38.76,78.86,29.09,1013.36,108.14
34.68,73.65,16.01,1009.82,95.4
28.12,77.55,15.96,1011.42,106.19
22.27,58.41,19.39,1018.04,74.27
39.22,56.26,28.02,1006.51,67.7
35.81,63.18,22.12,1000.97,77.9
28.42,85.76,16.89,1018.59,112.43
35.0,68.73,8.3,996.27,70.2
24.54,67.2,8.83,1002.3,86.89
32.52,60.59,6.34,1011.28,60.64
39.5,83.84,28.46,1014.49,117.01
31.25,90.0,8.71,1016.91,120.75
21.06,74.76,24.23,1019.2,101.12
30.16,67.9,14.81,997.85,89.16
35.84,74.48,24.16,1017.66,86.11
35.36,77.18,29.62,1001.82,109.71
39.49,52.46,20.85,1010.01,55.48
29.01,85.5,6.34,1010.2,99.02
30.08,71.43,29.53,998.32,91.03
21.56,75.01,23.5,1000.74,99.54
29.57,94.84,18.87,1006.9,124.31
37.59,86.34,12.19,1017.77,112.8
23.15,81.44,15.48,1019.93,104.21
22.06,94.81,27.96,1000.69,138.06
32.35,62.36,11.13,1001.46,66.19
22.84,68.33,13.65,1015.67,92.33
29.96,70.29,25.04,998.6,99.82
30.65,86.93,16.07,1015.06,105.77
34.84,50.49,5.25,997.08,46.8
37.79,79.4,28.96,1001.95,106.17
32.4,83.62,10.34,1001.84,114.41
20.71,94.89,27.87,1018.07,135.61
36.64,76.3,27.97,1003.18,99.88
26.58,54.73,15.13,1006.49,70.89
22.06,76.1,11.97,996.76,94.53
28.71,53.12,25.74,1005.38,63.04
33.34,73.38,10.05,1000.26,83.75
20.66,83.5,24.55,1004.33,125.5
32.4,62.48,20.05,1001.23,84.88
27.23,93.04,28.6,997.56,126.75
27.21,56.48,28.51,1012.64,86.38
31.26,70.24,24.72,995.65,90.89
26.83,92.99,26.84,1014.15,137.91
39.84,87.23,8.97,1016.08,96.5
32.44,83.56,28.15,1003.15,110.58
32.58,58.71,12.3,1007.8,61.69
23.38,78.27,28.89,1012.15,107.59
38.85,94.13,11.03,1003.58,120.64
28.61,59.7,9.97,1014.49,68.35
28.42,85.86,7.46,1009.35,117.37
32.91,59.68,21.24,997.51,74.38
30.13,85.14,6.55,1002.94,109.16
28.18,55.23,14.9,1006.26,67.16
20.84,52.65,25.61,1008.48,78.69
33.31,90.64,9.26,1009.79,104.73
20.51,64.79,14.66,1002.53,87.81
29.4,78.84,10.74,1009.96,107.36
38.74,55.81,23.69,1014.57,67.01
25.53,68.98,11.06,1001.98,79.37
37.06,53.04,24.27,1014.62,53.36
29.15,51.96,12.98,1001.35,58.27
22.06,58.37,27.02,997.3,91.48
23.53,63.79,29.89,997.43,88.88
34.29,93.96,25.21,1018.37,123.52
33.35,71.74,10.28,1010.9,90.39
22.78,94.82,10.1,1005.88,132.01
32.19,62.63,25.27,1010.2,71.1
33.96,55.89,27.08,1004.09,62.71
28.4,81.54,14.8,1018.3,113.67
37.7,85.38,29.6,1015.22,105.2
30.15,60.72,8.8,1013.81,68.74
25.12,51.06,8.19,995.92,62.58
32.91,74.66,26.79,996.74,103.03
35.95,65.54,10.39,998.46,68.12
38.9,94.27,9.57,1001.89,115.51
36.65,77.34,18.07,1019.92,91.57
26.22,58.97,24.71,1001.45,75.97
37.04,78.98,13.88,1003.41,93.41
21.54,61.09,17.37,1004.37,75.35
30.66,58.41,17.05,995.73,62.18
21.75,63.31,26.81,995.05,100.55
29.58,52.74,15.56,1000.64,57.13
35.64,66.5,25.56,1006.83,93.53
34.78,84.81,7.01,996.85,99.6
21.36,62.94,18.03,1011.52,88.48
27.37,77.62,19.77,1015.85,114.12
31.42,91.45,26.43,1004.68,118.6
33.58,85.2,23.24,999.67,111.06
33.34,89.36,29.33,1008.74,121.01
31.76,53.6,17.01,1012.92,73.14
39.11,75.69,22.33,1012.54,100.93
21.3,71.09,22.28,1015.39,99.29
34.3,93.6,10.85,1006.09,116.64
37.8,67.77,20.15,1010.74,82.42
25.91,54.46,6.0,1000.01,58.49
25.89,64.35,28.29,1012.94,91.83
37.75,75.2,12.86,997.73,91.86
28.98,91.8,25.11,1016.61,122.62
22.07,54.45,23.88,1003.87,74.23
29.87,88.93,26.25,1006.71,129.31
24.34,60.25,13.58,996.02,67.74
30.48,88.27,25.61,1004.08,115.83
36.81,61.16,11.6,1005.3,61.94
38.11,80.99,24.85,996.18,112.96
25.71,53.41,27.39,996.7,66.2
35.19,52.82,9.48,1016.76,50.63
29.38,77.3,9.75,1002.24,98.61
21.41,73.61,15.87,1014.65,96.7
37.33,59.42,15.58,1016.46,68.25
20.35,82.09,17.12,998.64,112.08
32.31,56.92,10.21,1003.22,63.47
23.67,69.21,6.51,999.19,97.63
28.75,59.5,11.26,1007.79,69.59
32.05,51.46,10.42,1001.63,47.6
39.78,74.15,21.77,1013.59,99.29
30.85,85.12,21.64,1016.3,107.7
39.32,73.76,5.86,1010.65,85.85
32.69,63.47,6.94,998.65,73.97
34.98,59.47,16.22,1000.47,67.78
36.13,79.3,28.74,1006.82,106.71
31.85,52.73,13.29,1009.81,56.12
38.85,90.13,15.11,1010.0,119.89
33.13,66.99,26.67,1018.72,80.09
26.98,78.45,5.9,997.67,94.73
34.0,59.56,27.09,996.34,72.5
27.57,87.0,10.62,1003.64,110.49
30.53,94.11,27.91,1009.54,133.03
26.06,90.8,18.21,1008.62,117.55
23.1,79.02,16.7,1015.87,108.18
26.86,84.25,10.41,1002.68,119.26
35.51,84.71,22.62,1010.86,110.85
20.71,55.7,20.73,1013.53,75.44
32.83,84.3,8.92,995.88,101.34
27.84,74.66,24.61,1006.06,100.21
32.79,65.52,29.73,996.82,77.58
29.89,86.62,20.68,999.86,119.32
20.14,64.51,17.29,1003.54,87.11
32.96,91.3,13.73,996.02,118.8
30.1,56.26,24.84,1013.04,64.45
24.9,69.14,23.64,1004.24,93.93
22.92,68.54,22.3,1007.95,99.51
26.98,68.18,19.1,1005.87,87.74
26.72,71.09,10.07,1017.26,81.68
23.43,85.08,15.34,999.89,112.55
39.34,93.04,14.55,1016.51,114.19
29.55,84.68,7.73,997.22,99.82
21.6,70.02,28.73,1010.89,105.75
33.27,74.65,26.53,1018.32,102.8
31.1,72.29,27.62,1010.56,106.12
33.81,76.88,18.08,1005.67,87.43
38.54,51.84,24.96,1018.23,49.81
23.27,55.86,12.96,1013.44,81.37
30.28,51.25,23.32,1017.54,71.7
26.8,65.73,18.93,1012.24,84.82
36.05,75.37,21.79,999.93,85.86
35.68,56.92,27.68,1017.11,63.78
34.88,65.82,11.25,1001.38,74.03
35.6,89.83,11.11,1003.17,120.02
28.53,65.77,9.66,1013.44,75.01
37.44,94.62,9.01,1005.54,122.26
36.41,79.48,22.28,996.29,97.82
28.37,72.3,28.62,1013.04,90.32
35.86,81.03,9.42,1010.12,90.16
38.79,52.38,20.51,1000.82,50.17
33.8,53.56,26.17,995.81,75.49
25.83,87.77,5.76,998.48,109.83
37.28,90.7,10.11,995.16,109.46
36.59,71.79,22.5,1019.83,81.8
37.04,69.97,18.16,1002.52,80.18
35.96,92.11,26.41,1009.91,116.58
24.55,73.69,27.93,1007.73,99.39
31.7,69.26,8.42,1017.83,85.03
32.2,79.24,5.47,1001.55,86.43
25.27,70.92,12.2,1010.47,87.39
23.17,94.68,28.15,1019.29,143.55
27.52,81.25,24.09,1002.55,107.88
25.84,56.18,23.23,995.45,83.37
27.97,74.66,23.56,1018.8,98.26
29.64,77.75,24.79,1016.28,102.1
20.45,70.84,11.06,1019.39,95.89
26.87,79.22,12.54,1011.06,111.6
32.92,75.04,15.33,1008.7,94.9
20.56,56.27,7.11,999.01,75.0
20.29,90.72,19.21,1006.57,139.44
30.77,81.4,7.62,1016.23,108.42
37.11,93.61,22.0,1005.36,128.2
30.21,92.15,14.43,1019.2,125.94
35.4,63.59,12.58,1014.35,69.78
38.84,74.64,16.24,996.88,86.05
33.06,76.24,13.82,1010.72,86.46
33.44,77.32,24.39,1000.35,108.83
29.61,88.04,21.45,1001.82,115.38
30.05,60.2,20.43,1004.4,68.83
26.43,92.84,17.23,1017.39,117.01
31.79,88.13,27.64,1001.01,125.12
33.79,60.12,15.02,999.04,73.43
22.5,55.6,14.92,995.94,64.35
29.45,57.04,12.48,1019.56,63.83
24.36,71.7,17.05,1015.2,103.57
22.13,84.71,19.36,1011.95,109.62
23.79,72.91,19.89,1014.24,107.38
34.1,51.65,28.31,1016.29,60.25
31.36,78.65,6.12,1001.31,91.2
26.46,59.67,21.04,1001.25,79.22
25.32,86.49,25.77,1006.3,116.46
37.13,52.71,14.22,1002.81,63.22
24.13,56.67,29.83,1014.64,81.01
37.41,84.33,28.43,1013.4,107.55
28.98,65.82,10.03,1004.32,89.49
29.06,61.45,16.19,995.92,81.46
39.76,83.85,29.44,1017.0,116.71
29.12,73.73,26.52,1017.3,93.36
34.81,61.83,22.31,1002.34,82.59
24.52,60.78,16.76,995.02,80.43
27.38,94.59,25.1,1013.45,132.26
35.82,84.92,6.37,1011.03,95.7
21.77,59.91,11.01,1001.54,85.98
32.3,79.0,25.74,1000.69,114.48
21.45,55.32,24.28,996.05,81.71
31.34,89.26,21.56,1011.7,118.2
32.59,77.35,5.35,995.08,95.16
38.85,64.73,10.07,1015.39,74.44
24.22,67.13,22.83,997.56,86.46
24.9,54.11,13.03,998.38,63.76
26.72,88.35,7.86,1015.7,114.63
33.78,51.1,9.25,1008.69,48.56
31.66,55.36,26.99,1010.05,77.98
33.47,88.83,20.04,1019.58,106.56
36.59,88.79,18.9,1007.24,104.23
32.04,74.06,23.12,1015.44,94.2
28.56,56.06,5.11,1017.03,67.7
24.08,76.4,10.42,1004.64,100.4
38.92,52.39,28.5,995.4,71.66
32.69,85.91,6.82,1005.55,97.57
33.96,53.28,29.22,1012.66,66.88
32.05,56.94,21.74,999.78,76.16
30.92,65.05,19.55,1002.26,81.65
24.5,67.52,7.87,1007.95,77.2
20.58,74.15,7.67,997.11,101.93
23.01,73.13,24.82,1007.38,104.48
34.87,91.99,13.77,1014.09,114.95
35.0,85.53,15.8,1010.39,116.57
36.51,76.57,14.76,1012.15,101.32
31.35,58.08,23.85,1002.92,72.66
27.92,52.76,22.07,1007.31,60.91
25.38,88.4,8.08,1005.33,122.5
34.1,71.03,7.1,1005.74,83.76
32.31,91.03,8.0,1010.72,118.57
28.68,59.4,28.03,1015.61,71.77
26.49,80.98,19.4,1000.85,102.14
26.71,74.33,20.2,1000.31,104.58
20.54,84.02,25.7,999.94,119.08
29.48,93.14,6.95,1017.03,129.13
38.4,53.77,23.55,996.73,56.89
27.44,77.73,28.56,998.06,109.58
24.96,63.87,11.74,1016.26,73.74
